,awards,film,is_winner,url,winner(s),year
0,dga,Dances with Wolves,True,https://en.wikipedia.org/wiki/Directors_Guild_of_America_Award_for_Outstanding_Directing_%E2%80%93_Feature_Film,Kevin Costner,1990
1,dga,Avalon,False,https://en.wikipedia.org/wiki/Directors_Guild_of_America_Award_for_Outstanding_Directing_%E2%80%93_Feature_Film,Barry Levinson,1990
2,dga,Cinema Paradiso,False,https://en.wikipedia.org/wiki/Directors_Guild_of_America_Award_for_Outstanding_Directing_%E2%80%93_Feature_Film,Giuseppe Tornatore,1990
3,dga,The Godfather Part III,False,https://en.wikipedia.org/wiki/Directors_Guild_of_America_Award_for_Outstanding_Directing_%E2%80%93_Feature_Film,Francis Ford Coppola,1990
4,dga,Goodfellas,False,https://en.wikipedia.org/wiki/Directors_Guild_of_America_Award_for_Outstanding_Directing_%E2%80%93_Feature_Film,Martin Scorsese,1990
5,dga,The Silence of the Lambs,True,https://en.wikipedia.org/wiki/Directors_Guild_of_America_Award_for_Outstanding_Directing_%E2%80%93_Feature_Film,Jonathan Demme,1991
6,dga,Bugsy,False,https://en.wikipedia.org/wiki/Directors_Guild_of_America_Award_for_Outstanding_Directing_%E2%80%93_Feature_Film,Barry Levinson,1991
7,dga,JFK,False,https://en.wikipedia.org/wiki/Directors_Guild_of_America_Award_for_Outstanding_Directing_%E2%80%93_Feature_Film,Oliver Stone,1991
8,dga,The Prince of Tides,False,https://en.wikipedia.org/wiki/Directors_Guild_of_America_Award_for_Outstanding_Directing_%E2%80%93_Feature_Film,Barbra Streisand,1991
9,dga,Thelma and Louise,False,https://en.wikipedia.org/wiki/Directors_Guild_of_America_Award_for_Outstanding_Directing_%E2%80%93_Feature_Film,Ridley Scott,1991
10,dga,Unforgiven,True,https://en.wikipedia.org/wiki/Directors_Guild_of_America_Award_for_Outstanding_Directing_%E2%80%93_Feature_Film,Clint Eastwood,1992
11,dga,The Crying Game,False,https://en.wikipedia.org/wiki/Directors_Guild_of_America_Award_for_Outstanding_Directing_%E2%80%93_Feature_Film,Neil Jordan,1992
12,dga,A Few Good Men,False,https://en.wikipedia.org/wiki/Directors_Guild_of_America_Award_for_Outstanding_Directing_%E2%80%93_Feature_Film,Rob Reiner,1992
13,dga,Howards End,False,https://en.wikipedia.org/wiki/Directors_Guild_of_America_Award_for_Outstanding_Directing_%E2%80%93_Feature_Film,James Ivory,1992
14,dga,The Player,False,https://en.wikipedia.org/wiki/Directors_Guild_of_America_Award_for_Outstanding_Directing_%E2%80%93_Feature_Film,Robert Altman,1992
15,dga,Schindler's List,True,https://en.wikipedia.org/wiki/Directors_Guild_of_America_Award_for_Outstanding_Directing_%E2%80%93_Feature_Film,Steven Spielberg,1993
16,dga,The Age of Innocence,False,https://en.wikipedia.org/wiki/Directors_Guild_of_America_Award_for_Outstanding_Directing_%E2%80%93_Feature_Film,Martin Scorsese,1993
17,dga,The Fugitive,False,https://en.wikipedia.org/wiki/Directors_Guild_of_America_Award_for_Outstanding_Directing_%E2%80%93_Feature_Film,Andrew Davis,1993
18,dga,The Piano,False,https://en.wikipedia.org/wiki/Directors_Guild_of_America_Award_for_Outstanding_Directing_%E2%80%93_Feature_Film,Jane Campion,1993
19,dga,The Remains of the Day,False,https://en.wikipedia.org/wiki/Directors_Guild_of_America_Award_for_Outstanding_Directing_%E2%80%93_Feature_Film,James Ivory,1993
20,dga,Forrest Gump,True,https://en.wikipedia.org/wiki/Directors_Guild_of_America_Award_for_Outstanding_Directing_%E2%80%93_Feature_Film,Robert Zemeckis,1994
21,dga,Four Weddings and a Funeral,False,https://en.wikipedia.org/wiki/Directors_Guild_of_America_Award_for_Outstanding_Directing_%E2%80%93_Feature_Film,Mike Newell,1994
22,dga,Pulp Fiction,False,https://en.wikipedia.org/wiki/Directors_Guild_of_America_Award_for_Outstanding_Directing_%E2%80%93_Feature_Film,Quentin Tarantino,1994
23,dga,Quiz Show,False,https://en.wikipedia.org/wiki/Directors_Guild_of_America_Award_for_Outstanding_Directing_%E2%80%93_Feature_Film,Robert Redford,1994
24,dga,The Shawshank Redemption,False,https://en.wikipedia.org/wiki/Directors_Guild_of_America_Award_for_Outstanding_Directing_%E2%80%93_Feature_Film,Frank Darabont,1994
25,dga,Apollo 13,True,https://en.wikipedia.org/wiki/Directors_Guild_of_America_Award_for_Outstanding_Directing_%E2%80%93_Feature_Film,Ron Howard,1995
26,dga,Braveheart,False,https://en.wikipedia.org/wiki/Directors_Guild_of_America_Award_for_Outstanding_Directing_%E2%80%93_Feature_Film,Mel Gibson,1995
27,dga,Il Postino: The Postman,False,https://en.wikipedia.org/wiki/Directors_Guild_of_America_Award_for_Outstanding_Directing_%E2%80%93_Feature_Film,Michael Radford,1995
28,dga,Leaving Las Vegas,False,https://en.wikipedia.org/wiki/Directors_Guild_of_America_Award_for_Outstanding_Directing_%E2%80%93_Feature_Film,Mike Figgis,1995
29,dga,Sense and Sensibility,False,https://en.wikipedia.org/wiki/Directors_Guild_of_America_Award_for_Outstanding_Directing_%E2%80%93_Feature_Film,Ang Lee,1995
30,dga,The English Patient,True,https://en.wikipedia.org/wiki/Directors_Guild_of_America_Award_for_Outstanding_Directing_%E2%80%93_Feature_Film,Anthony Minghella,1996
31,dga,Fargo,False,https://en.wikipedia.org/wiki/Directors_Guild_of_America_Award_for_Outstanding_Directing_%E2%80%93_Feature_Film,Joel Coen,1996
32,dga,Jerry Maguire,False,https://en.wikipedia.org/wiki/Directors_Guild_of_America_Award_for_Outstanding_Directing_%E2%80%93_Feature_Film,Cameron Crowe,1996
33,dga,Secrets and Lies,False,https://en.wikipedia.org/wiki/Directors_Guild_of_America_Award_for_Outstanding_Directing_%E2%80%93_Feature_Film,Mike Leigh,1996
34,dga,Shine,False,https://en.wikipedia.org/wiki/Directors_Guild_of_America_Award_for_Outstanding_Directing_%E2%80%93_Feature_Film,Scott Hicks,1996
35,dga,Titanic,True,https://en.wikipedia.org/wiki/Directors_Guild_of_America_Award_for_Outstanding_Directing_%E2%80%93_Feature_Film,James Cameron,1997
36,dga,Amistad,False,https://en.wikipedia.org/wiki/Directors_Guild_of_America_Award_for_Outstanding_Directing_%E2%80%93_Feature_Film,Steven Spielberg,1997
37,dga,As Good as It Gets,False,https://en.wikipedia.org/wiki/Directors_Guild_of_America_Award_for_Outstanding_Directing_%E2%80%93_Feature_Film,James Brooks,1997
38,dga,Good Will Hunting,False,https://en.wikipedia.org/wiki/Directors_Guild_of_America_Award_for_Outstanding_Directing_%E2%80%93_Feature_Film,Gus Van Sant,1997
39,dga,L.A. Confidential,False,https://en.wikipedia.org/wiki/Directors_Guild_of_America_Award_for_Outstanding_Directing_%E2%80%93_Feature_Film,Curtis Hanson,1997
40,dga,Saving Private Ryan,True,https://en.wikipedia.org/wiki/Directors_Guild_of_America_Award_for_Outstanding_Directing_%E2%80%93_Feature_Film,Steven Spielberg,1998
41,dga,Life Is Beautiful,False,https://en.wikipedia.org/wiki/Directors_Guild_of_America_Award_for_Outstanding_Directing_%E2%80%93_Feature_Film,Roberto Benigni,1998
42,dga,Shakespeare in Love,False,https://en.wikipedia.org/wiki/Directors_Guild_of_America_Award_for_Outstanding_Directing_%E2%80%93_Feature_Film,John Madden,1998
43,dga,The Thin Red Line,False,https://en.wikipedia.org/wiki/Directors_Guild_of_America_Award_for_Outstanding_Directing_%E2%80%93_Feature_Film,Terrence Malick,1998
44,dga,The Truman Show,False,https://en.wikipedia.org/wiki/Directors_Guild_of_America_Award_for_Outstanding_Directing_%E2%80%93_Feature_Film,Peter Weir,1998
45,dga,American Beauty,True,https://en.wikipedia.org/wiki/Directors_Guild_of_America_Award_for_Outstanding_Directing_%E2%80%93_Feature_Film,Sam Mendes,1999
46,dga,Being John Malkovich,False,https://en.wikipedia.org/wiki/Directors_Guild_of_America_Award_for_Outstanding_Directing_%E2%80%93_Feature_Film,Spike Jonze,1999
47,dga,The Green Mile,False,https://en.wikipedia.org/wiki/Directors_Guild_of_America_Award_for_Outstanding_Directing_%E2%80%93_Feature_Film,Frank Darabont,1999
48,dga,The Insider,False,https://en.wikipedia.org/wiki/Directors_Guild_of_America_Award_for_Outstanding_Directing_%E2%80%93_Feature_Film,Michael Mann,1999
49,dga,The Sixth Sense,False,https://en.wikipedia.org/wiki/Directors_Guild_of_America_Award_for_Outstanding_Directing_%E2%80%93_Feature_Film,M. Night Shyamalan,1999
50,dga,"Crouching Tiger, Hidden Dragon",True,https://en.wikipedia.org/wiki/Directors_Guild_of_America_Award_for_Outstanding_Directing_%E2%80%93_Feature_Film,Ang Lee,2000
51,dga,Almost Famous,False,https://en.wikipedia.org/wiki/Directors_Guild_of_America_Award_for_Outstanding_Directing_%E2%80%93_Feature_Film,Cameron Crowe,2000
52,dga,Erin Brockovich,False,https://en.wikipedia.org/wiki/Directors_Guild_of_America_Award_for_Outstanding_Directing_%E2%80%93_Feature_Film,Steven Soderbergh,2000
53,dga,Gladiator,False,https://en.wikipedia.org/wiki/Directors_Guild_of_America_Award_for_Outstanding_Directing_%E2%80%93_Feature_Film,Ridley Scott,2000
54,dga,Traffic,False,https://en.wikipedia.org/wiki/Directors_Guild_of_America_Award_for_Outstanding_Directing_%E2%80%93_Feature_Film,Steven Soderbergh,2000
55,dga,A Beautiful Mind,True,https://en.wikipedia.org/wiki/Directors_Guild_of_America_Award_for_Outstanding_Directing_%E2%80%93_Feature_Film,Ron Howard,2001
56,dga,Black Hawk Down,False,https://en.wikipedia.org/wiki/Directors_Guild_of_America_Award_for_Outstanding_Directing_%E2%80%93_Feature_Film,Ridley Scott,2001
57,dga,The Lord of the Rings: The Fellowship of the Ring,False,https://en.wikipedia.org/wiki/Directors_Guild_of_America_Award_for_Outstanding_Directing_%E2%80%93_Feature_Film,Peter Jackson,2001
58,dga,Memento,False,https://en.wikipedia.org/wiki/Directors_Guild_of_America_Award_for_Outstanding_Directing_%E2%80%93_Feature_Film,Christopher Nolan,2001
59,dga,Moulin Rouge!,False,https://en.wikipedia.org/wiki/Directors_Guild_of_America_Award_for_Outstanding_Directing_%E2%80%93_Feature_Film,Baz Luhrmann,2001
60,dga,Chicago,True,https://en.wikipedia.org/wiki/Directors_Guild_of_America_Award_for_Outstanding_Directing_%E2%80%93_Feature_Film,Rob Marshall,2002
61,dga,Gangs of New York,False,https://en.wikipedia.org/wiki/Directors_Guild_of_America_Award_for_Outstanding_Directing_%E2%80%93_Feature_Film,Martin Scorsese,2002
62,dga,The Hours,False,https://en.wikipedia.org/wiki/Directors_Guild_of_America_Award_for_Outstanding_Directing_%E2%80%93_Feature_Film,Stephen Daldry,2002
63,dga,The Lord of the Rings: The Two Towers,False,https://en.wikipedia.org/wiki/Directors_Guild_of_America_Award_for_Outstanding_Directing_%E2%80%93_Feature_Film,Peter Jackson,2002
64,dga,The Pianist,False,https://en.wikipedia.org/wiki/Directors_Guild_of_America_Award_for_Outstanding_Directing_%E2%80%93_Feature_Film,Roman Polanski,2002
65,dga,The Lord of the Rings: The Return of the King,True,https://en.wikipedia.org/wiki/Directors_Guild_of_America_Award_for_Outstanding_Directing_%E2%80%93_Feature_Film,Peter Jackson,2003
66,dga,Lost in Translation,False,https://en.wikipedia.org/wiki/Directors_Guild_of_America_Award_for_Outstanding_Directing_%E2%80%93_Feature_Film,Sofia Coppola,2003
67,dga,Master and Commander: The Far Side of the World,False,https://en.wikipedia.org/wiki/Directors_Guild_of_America_Award_for_Outstanding_Directing_%E2%80%93_Feature_Film,Peter Weir,2003
68,dga,Mystic River,False,https://en.wikipedia.org/wiki/Directors_Guild_of_America_Award_for_Outstanding_Directing_%E2%80%93_Feature_Film,Clint Eastwood,2003
69,dga,Seabiscuit,False,https://en.wikipedia.org/wiki/Directors_Guild_of_America_Award_for_Outstanding_Directing_%E2%80%93_Feature_Film,Gary Ross,2003
70,dga,Million Dollar Baby,True,https://en.wikipedia.org/wiki/Directors_Guild_of_America_Award_for_Outstanding_Directing_%E2%80%93_Feature_Film,Clint Eastwood,2004
71,dga,The Aviator,False,https://en.wikipedia.org/wiki/Directors_Guild_of_America_Award_for_Outstanding_Directing_%E2%80%93_Feature_Film,Martin Scorsese,2004
72,dga,Finding Neverland,False,https://en.wikipedia.org/wiki/Directors_Guild_of_America_Award_for_Outstanding_Directing_%E2%80%93_Feature_Film,Marc Forster,2004
73,dga,Ray,False,https://en.wikipedia.org/wiki/Directors_Guild_of_America_Award_for_Outstanding_Directing_%E2%80%93_Feature_Film,Taylor Hackford,2004
74,dga,Sideways,False,https://en.wikipedia.org/wiki/Directors_Guild_of_America_Award_for_Outstanding_Directing_%E2%80%93_Feature_Film,Alexander Payne,2004
75,dga,Brokeback Mountain,True,https://en.wikipedia.org/wiki/Directors_Guild_of_America_Award_for_Outstanding_Directing_%E2%80%93_Feature_Film,Ang Lee,2005
76,dga,Capote,False,https://en.wikipedia.org/wiki/Directors_Guild_of_America_Award_for_Outstanding_Directing_%E2%80%93_Feature_Film,Bennett Miller,2005
77,dga,Crash,False,https://en.wikipedia.org/wiki/Directors_Guild_of_America_Award_for_Outstanding_Directing_%E2%80%93_Feature_Film,Paul Haggis,2005
78,dga,"Good Night, and Good Luck",False,https://en.wikipedia.org/wiki/Directors_Guild_of_America_Award_for_Outstanding_Directing_%E2%80%93_Feature_Film,George Clooney,2005
79,dga,Munich,False,https://en.wikipedia.org/wiki/Directors_Guild_of_America_Award_for_Outstanding_Directing_%E2%80%93_Feature_Film,Steven Spielberg,2005
80,dga,The Departed,True,https://en.wikipedia.org/wiki/Directors_Guild_of_America_Award_for_Outstanding_Directing_%E2%80%93_Feature_Film,Martin Scorsese,2006
81,dga,Babel,False,https://en.wikipedia.org/wiki/Directors_Guild_of_America_Award_for_Outstanding_Directing_%E2%80%93_Feature_Film,Alejandro González Iñárritu,2006
82,dga,Dreamgirls,False,https://en.wikipedia.org/wiki/Directors_Guild_of_America_Award_for_Outstanding_Directing_%E2%80%93_Feature_Film,Bill Condon,2006
83,dga,Little Miss Sunshine,False,https://en.wikipedia.org/wiki/Directors_Guild_of_America_Award_for_Outstanding_Directing_%E2%80%93_Feature_Film,Jonathan Dayton and Valerie Faris,2006
84,dga,The Queen,False,https://en.wikipedia.org/wiki/Directors_Guild_of_America_Award_for_Outstanding_Directing_%E2%80%93_Feature_Film,Stephen Frears,2006
85,dga,No Country for Old Men,True,https://en.wikipedia.org/wiki/Directors_Guild_of_America_Award_for_Outstanding_Directing_%E2%80%93_Feature_Film,Joel and Ethan Coen,2007
86,dga,The Diving Bell and the Butterfly,False,https://en.wikipedia.org/wiki/Directors_Guild_of_America_Award_for_Outstanding_Directing_%E2%80%93_Feature_Film,Julian Schnabel,2007
87,dga,Into the Wild,False,https://en.wikipedia.org/wiki/Directors_Guild_of_America_Award_for_Outstanding_Directing_%E2%80%93_Feature_Film,Sean Penn,2007
88,dga,Michael Clayton,False,https://en.wikipedia.org/wiki/Directors_Guild_of_America_Award_for_Outstanding_Directing_%E2%80%93_Feature_Film,Tony Gilroy,2007
89,dga,There Will Be Blood,False,https://en.wikipedia.org/wiki/Directors_Guild_of_America_Award_for_Outstanding_Directing_%E2%80%93_Feature_Film,Paul Thomas Anderson,2007
90,dga,Slumdog Millionaire,True,https://en.wikipedia.org/wiki/Directors_Guild_of_America_Award_for_Outstanding_Directing_%E2%80%93_Feature_Film,Danny Boyle,2008
91,dga,The Curious Case of Benjamin Button,False,https://en.wikipedia.org/wiki/Directors_Guild_of_America_Award_for_Outstanding_Directing_%E2%80%93_Feature_Film,David Fincher,2008
92,dga,The Dark Knight,False,https://en.wikipedia.org/wiki/Directors_Guild_of_America_Award_for_Outstanding_Directing_%E2%80%93_Feature_Film,Christopher Nolan,2008
93,dga,Frost/Nixon,False,https://en.wikipedia.org/wiki/Directors_Guild_of_America_Award_for_Outstanding_Directing_%E2%80%93_Feature_Film,Ron Howard,2008
94,dga,Milk,False,https://en.wikipedia.org/wiki/Directors_Guild_of_America_Award_for_Outstanding_Directing_%E2%80%93_Feature_Film,Gus Van Sant,2008
95,dga,The Hurt Locker,True,https://en.wikipedia.org/wiki/Directors_Guild_of_America_Award_for_Outstanding_Directing_%E2%80%93_Feature_Film,Kathryn Bigelow,2009
96,dga,Avatar,False,https://en.wikipedia.org/wiki/Directors_Guild_of_America_Award_for_Outstanding_Directing_%E2%80%93_Feature_Film,James Cameron,2009
97,dga,Inglourious Basterds,False,https://en.wikipedia.org/wiki/Directors_Guild_of_America_Award_for_Outstanding_Directing_%E2%80%93_Feature_Film,Quentin Tarantino,2009
98,dga,Precious,False,https://en.wikipedia.org/wiki/Directors_Guild_of_America_Award_for_Outstanding_Directing_%E2%80%93_Feature_Film,Lee Daniels,2009
99,dga,Up in the Air,False,https://en.wikipedia.org/wiki/Directors_Guild_of_America_Award_for_Outstanding_Directing_%E2%80%93_Feature_Film,Jason Reitman,2009
100,dga,The King's Speech,True,https://en.wikipedia.org/wiki/Directors_Guild_of_America_Award_for_Outstanding_Directing_%E2%80%93_Feature_Film,Tom Hooper,2010
101,dga,Black Swan,False,https://en.wikipedia.org/wiki/Directors_Guild_of_America_Award_for_Outstanding_Directing_%E2%80%93_Feature_Film,Darren Aronofsky,2010
102,dga,The Fighter,False,https://en.wikipedia.org/wiki/Directors_Guild_of_America_Award_for_Outstanding_Directing_%E2%80%93_Feature_Film,David O. Russell,2010
103,dga,Inception,False,https://en.wikipedia.org/wiki/Directors_Guild_of_America_Award_for_Outstanding_Directing_%E2%80%93_Feature_Film,Christopher Nolan,2010
104,dga,The Social Network,False,https://en.wikipedia.org/wiki/Directors_Guild_of_America_Award_for_Outstanding_Directing_%E2%80%93_Feature_Film,David Fincher,2010
105,dga,The Artist,True,https://en.wikipedia.org/wiki/Directors_Guild_of_America_Award_for_Outstanding_Directing_%E2%80%93_Feature_Film,Michel Hazanavicius,2011
106,dga,The Descendants,False,https://en.wikipedia.org/wiki/Directors_Guild_of_America_Award_for_Outstanding_Directing_%E2%80%93_Feature_Film,Alexander Payne,2011
107,dga,The Girl with the Dragon Tattoo,False,https://en.wikipedia.org/wiki/Directors_Guild_of_America_Award_for_Outstanding_Directing_%E2%80%93_Feature_Film,David Fincher,2011
108,dga,Hugo,False,https://en.wikipedia.org/wiki/Directors_Guild_of_America_Award_for_Outstanding_Directing_%E2%80%93_Feature_Film,Martin Scorsese,2011
109,dga,Midnight in Paris,False,https://en.wikipedia.org/wiki/Directors_Guild_of_America_Award_for_Outstanding_Directing_%E2%80%93_Feature_Film,Woody Allen,2011
110,dga,Argo,True,https://en.wikipedia.org/wiki/Directors_Guild_of_America_Award_for_Outstanding_Directing_%E2%80%93_Feature_Film,Ben Affleck,2012
111,dga,Les Misérables,False,https://en.wikipedia.org/wiki/Directors_Guild_of_America_Award_for_Outstanding_Directing_%E2%80%93_Feature_Film,Tom Hooper,2012
112,dga,Life of Pi,False,https://en.wikipedia.org/wiki/Directors_Guild_of_America_Award_for_Outstanding_Directing_%E2%80%93_Feature_Film,Ang Lee,2012
113,dga,Lincoln,False,https://en.wikipedia.org/wiki/Directors_Guild_of_America_Award_for_Outstanding_Directing_%E2%80%93_Feature_Film,Steven Spielberg,2012
114,dga,Zero Dark Thirty,False,https://en.wikipedia.org/wiki/Directors_Guild_of_America_Award_for_Outstanding_Directing_%E2%80%93_Feature_Film,Kathryn Bigelow,2012
115,dga,Gravity,True,https://en.wikipedia.org/wiki/Directors_Guild_of_America_Award_for_Outstanding_Directing_%E2%80%93_Feature_Film,Alfonso Cuarón,2013
116,dga,12 Years a Slave,False,https://en.wikipedia.org/wiki/Directors_Guild_of_America_Award_for_Outstanding_Directing_%E2%80%93_Feature_Film,Steve McQueen,2013
117,dga,American Hustle,False,https://en.wikipedia.org/wiki/Directors_Guild_of_America_Award_for_Outstanding_Directing_%E2%80%93_Feature_Film,David O. Russell,2013
118,dga,Captain Phillips,False,https://en.wikipedia.org/wiki/Directors_Guild_of_America_Award_for_Outstanding_Directing_%E2%80%93_Feature_Film,Paul Greengrass,2013
119,dga,The Wolf of Wall Street,False,https://en.wikipedia.org/wiki/Directors_Guild_of_America_Award_for_Outstanding_Directing_%E2%80%93_Feature_Film,Martin Scorsese,2013
120,dga,Birdman or (The Unexpected Virtue of Ignorance),True,https://en.wikipedia.org/wiki/Directors_Guild_of_America_Award_for_Outstanding_Directing_%E2%80%93_Feature_Film,Alejandro G. Iñárritu,2014
121,dga,American Sniper,False,https://en.wikipedia.org/wiki/Directors_Guild_of_America_Award_for_Outstanding_Directing_%E2%80%93_Feature_Film,Clint Eastwood,2014
122,dga,Boyhood,False,https://en.wikipedia.org/wiki/Directors_Guild_of_America_Award_for_Outstanding_Directing_%E2%80%93_Feature_Film,Richard Linklater,2014
123,dga,The Grand Budapest Hotel,False,https://en.wikipedia.org/wiki/Directors_Guild_of_America_Award_for_Outstanding_Directing_%E2%80%93_Feature_Film,Wes Anderson,2014
124,dga,The Imitation Game,False,https://en.wikipedia.org/wiki/Directors_Guild_of_America_Award_for_Outstanding_Directing_%E2%80%93_Feature_Film,Morten Tyldum,2014
125,pga_theatrical,Driving Miss Daisy,True,https://en.wikipedia.org/wiki/Producers_Guild_of_America_Award_for_Best_Theatrical_Motion_Picture,Lili Fini Zanuck and Richard D. Zanuck,1989
126,pga_theatrical,Born on the Fourth of July,False,https://en.wikipedia.org/wiki/Producers_Guild_of_America_Award_for_Best_Theatrical_Motion_Picture,A. Kitman Ho and Oliver Stone,1989
127,pga_theatrical,Crimes and Misdemeanors,False,https://en.wikipedia.org/wiki/Producers_Guild_of_America_Award_for_Best_Theatrical_Motion_Picture,Robert Greenhut,1989
128,pga_theatrical,Do the Right Thing,False,https://en.wikipedia.org/wiki/Producers_Guild_of_America_Award_for_Best_Theatrical_Motion_Picture,Spike Lee,1989
129,pga_theatrical,Field of Dreams,False,https://en.wikipedia.org/wiki/Producers_Guild_of_America_Award_for_Best_Theatrical_Motion_Picture,Lawrence Gordon and Charles Gordon,1989
130,pga_theatrical,Glory,False,https://en.wikipedia.org/wiki/Producers_Guild_of_America_Award_for_Best_Theatrical_Motion_Picture,Freddie Fields,1989
131,pga_theatrical,The Little Mermaid,False,https://en.wikipedia.org/wiki/Producers_Guild_of_America_Award_for_Best_Theatrical_Motion_Picture,John Musker and Howard Ashman,1989
132,pga_theatrical,My Left Foot,False,https://en.wikipedia.org/wiki/Producers_Guild_of_America_Award_for_Best_Theatrical_Motion_Picture,Noel Pearson,1989
133,pga_theatrical,"Sex, Lies, and Videotape",False,https://en.wikipedia.org/wiki/Producers_Guild_of_America_Award_for_Best_Theatrical_Motion_Picture,John Hardy and Robert Newmyer,1989
134,pga_theatrical,When Harry Met Sally...,False,https://en.wikipedia.org/wiki/Producers_Guild_of_America_Award_for_Best_Theatrical_Motion_Picture,Rob Reiner and Andrew Scheinman,1989
135,pga_theatrical,Dances with Wolves,True,https://en.wikipedia.org/wiki/Producers_Guild_of_America_Award_for_Best_Theatrical_Motion_Picture,Jim Wilson and Kevin Costner,1990
136,pga_theatrical,Awakenings,False,https://en.wikipedia.org/wiki/Producers_Guild_of_America_Award_for_Best_Theatrical_Motion_Picture,Walter F. Parkes and Lawrence Lasker,1990
137,pga_theatrical,Goodfellas,False,https://en.wikipedia.org/wiki/Producers_Guild_of_America_Award_for_Best_Theatrical_Motion_Picture,Irwin Winkler,1990
138,pga_theatrical,The Grifters,False,https://en.wikipedia.org/wiki/Producers_Guild_of_America_Award_for_Best_Theatrical_Motion_Picture,"Martin Scorsese, Robert A. Harris, and Jim Painten",1990
139,pga_theatrical,Reversal of Fortune,False,https://en.wikipedia.org/wiki/Producers_Guild_of_America_Award_for_Best_Theatrical_Motion_Picture,Edward R. Pressman and Oliver Stone,1990
140,pga_theatrical,The Silence of the Lambs,True,https://en.wikipedia.org/wiki/Producers_Guild_of_America_Award_for_Best_Theatrical_Motion_Picture,"Edward Saxon, Kenneth Utt, and Ronald M. Bozman",1991
141,pga_theatrical,Beauty and the Beast,False,https://en.wikipedia.org/wiki/Producers_Guild_of_America_Award_for_Best_Theatrical_Motion_Picture,Don Hahn,1991
142,pga_theatrical,Boyz n the Hood,False,https://en.wikipedia.org/wiki/Producers_Guild_of_America_Award_for_Best_Theatrical_Motion_Picture,Steven Nicolaides,1991
143,pga_theatrical,JFK,False,https://en.wikipedia.org/wiki/Producers_Guild_of_America_Award_for_Best_Theatrical_Motion_Picture,A. Kitman Ho and Oliver Stone,1991
144,pga_theatrical,Thelma & Louise,False,https://en.wikipedia.org/wiki/Producers_Guild_of_America_Award_for_Best_Theatrical_Motion_Picture,Ridley Scott and Mimi Polk Gitlin,1991
145,pga_theatrical,The Crying Game,True,https://en.wikipedia.org/wiki/Producers_Guild_of_America_Award_for_Best_Theatrical_Motion_Picture,Stephen Woolley,1992
146,pga_theatrical,A Few Good Men,False,https://en.wikipedia.org/wiki/Producers_Guild_of_America_Award_for_Best_Theatrical_Motion_Picture,"Rob Reiner, David Brown and Andrew Scheinman",1992
147,pga_theatrical,Howards End,False,https://en.wikipedia.org/wiki/Producers_Guild_of_America_Award_for_Best_Theatrical_Motion_Picture,Ismail Merchant,1992
148,pga_theatrical,Scent of a Woman,False,https://en.wikipedia.org/wiki/Producers_Guild_of_America_Award_for_Best_Theatrical_Motion_Picture,Martin Brest,1992
149,pga_theatrical,Unforgiven,False,https://en.wikipedia.org/wiki/Producers_Guild_of_America_Award_for_Best_Theatrical_Motion_Picture,Clint Eastwood,1992
150,pga_theatrical,Schindler's List,True,https://en.wikipedia.org/wiki/Producers_Guild_of_America_Award_for_Best_Theatrical_Motion_Picture,"Steven Spielberg, Gerald R. Molen, and Branko Lustig",1993
151,pga_theatrical,The Fugitive,False,https://en.wikipedia.org/wiki/Producers_Guild_of_America_Award_for_Best_Theatrical_Motion_Picture,Arnold Kopelson,1993
152,pga_theatrical,In the Name of the Father,False,https://en.wikipedia.org/wiki/Producers_Guild_of_America_Award_for_Best_Theatrical_Motion_Picture,Jim Sheridan,1993
153,pga_theatrical,The Piano,False,https://en.wikipedia.org/wiki/Producers_Guild_of_America_Award_for_Best_Theatrical_Motion_Picture,Jan Chapman,1993
154,pga_theatrical,The Remains of the Day,False,https://en.wikipedia.org/wiki/Producers_Guild_of_America_Award_for_Best_Theatrical_Motion_Picture,"Mike Nichols, John Calley, and Ismail Merchant",1993
155,pga_theatrical,Forrest Gump,True,https://en.wikipedia.org/wiki/Producers_Guild_of_America_Award_for_Best_Theatrical_Motion_Picture,"Wendy Finerman, Steve Tisch, and Steve Starkey",1994
156,pga_theatrical,The Lion King,False,https://en.wikipedia.org/wiki/Producers_Guild_of_America_Award_for_Best_Theatrical_Motion_Picture,Don Hahn,1994
157,pga_theatrical,Pulp Fiction,False,https://en.wikipedia.org/wiki/Producers_Guild_of_America_Award_for_Best_Theatrical_Motion_Picture,Lawrence Bender,1994
158,pga_theatrical,The Shawshank Redemption,False,https://en.wikipedia.org/wiki/Producers_Guild_of_America_Award_for_Best_Theatrical_Motion_Picture,Niki Marvin,1994
159,pga_theatrical,Three Colors: Red,False,https://en.wikipedia.org/wiki/Producers_Guild_of_America_Award_for_Best_Theatrical_Motion_Picture,Marin Karmitz,1994
160,pga_theatrical,Apollo 13,True,https://en.wikipedia.org/wiki/Producers_Guild_of_America_Award_for_Best_Theatrical_Motion_Picture,Brian Grazer,1995
161,pga_theatrical,Babe,False,https://en.wikipedia.org/wiki/Producers_Guild_of_America_Award_for_Best_Theatrical_Motion_Picture,"Bill Miller, George Miller, and Doug Mitchell",1995
162,pga_theatrical,Braveheart,False,https://en.wikipedia.org/wiki/Producers_Guild_of_America_Award_for_Best_Theatrical_Motion_Picture,"Mel Gibson, Alan Ladd, Jr., and Bruce Davey",1995
163,pga_theatrical,The Bridges of Madison County,False,https://en.wikipedia.org/wiki/Producers_Guild_of_America_Award_for_Best_Theatrical_Motion_Picture,Clint Eastwood and Kathleen Kennedy,1995
164,pga_theatrical,Il Postino: The Postman,False,https://en.wikipedia.org/wiki/Producers_Guild_of_America_Award_for_Best_Theatrical_Motion_Picture,"Mario Cecchi Gori, Vittorio Cecchi Gori, and Gaetano Daniele",1995
165,pga_theatrical,Leaving Las Vegas,False,https://en.wikipedia.org/wiki/Producers_Guild_of_America_Award_for_Best_Theatrical_Motion_Picture,Lila Cazès and Annie Stewart,1995
166,pga_theatrical,A Little Princess,False,https://en.wikipedia.org/wiki/Producers_Guild_of_America_Award_for_Best_Theatrical_Motion_Picture,Mark Johnson,1995
167,pga_theatrical,Sense and Sensibility,False,https://en.wikipedia.org/wiki/Producers_Guild_of_America_Award_for_Best_Theatrical_Motion_Picture,Lindsay Doran,1995
168,pga_theatrical,Toy Story,False,https://en.wikipedia.org/wiki/Producers_Guild_of_America_Award_for_Best_Theatrical_Motion_Picture,Ralph Guggenheim and Bonnie Arnold,1995
169,pga_theatrical,The Usual Suspects,False,https://en.wikipedia.org/wiki/Producers_Guild_of_America_Award_for_Best_Theatrical_Motion_Picture,"Kenneth Kokin, Michael McDonnell, and Bryan Singer",1995
170,pga_theatrical,The English Patient,True,https://en.wikipedia.org/wiki/Producers_Guild_of_America_Award_for_Best_Theatrical_Motion_Picture,Saul Zaentz,1996
171,pga_theatrical,Fargo,False,https://en.wikipedia.org/wiki/Producers_Guild_of_America_Award_for_Best_Theatrical_Motion_Picture,Ethan Coen,1996
172,pga_theatrical,Hamlet,False,https://en.wikipedia.org/wiki/Producers_Guild_of_America_Award_for_Best_Theatrical_Motion_Picture,David Barron,1996
173,pga_theatrical,Jerry Maguire,False,https://en.wikipedia.org/wiki/Producers_Guild_of_America_Award_for_Best_Theatrical_Motion_Picture,"Cameron Crowe, James L. Brooks, Laurence Mark, and Richard Sakai",1996
174,pga_theatrical,Shine,False,https://en.wikipedia.org/wiki/Producers_Guild_of_America_Award_for_Best_Theatrical_Motion_Picture,Jane Scott,1996
175,pga_theatrical,Titanic,True,https://en.wikipedia.org/wiki/Producers_Guild_of_America_Award_for_Best_Theatrical_Motion_Picture,James Cameron and Jon Landau,1997
176,pga_theatrical,Amistad,False,https://en.wikipedia.org/wiki/Producers_Guild_of_America_Award_for_Best_Theatrical_Motion_Picture,"Steven Spielberg, Debbie Allen, and Colin Wilson",1997
177,pga_theatrical,As Good as It Gets,False,https://en.wikipedia.org/wiki/Producers_Guild_of_America_Award_for_Best_Theatrical_Motion_Picture,"James L. Brooks, Bridget Johnson, and Kristi Zea",1997
178,pga_theatrical,Good Will Hunting,False,https://en.wikipedia.org/wiki/Producers_Guild_of_America_Award_for_Best_Theatrical_Motion_Picture,Lawrence Bender,1997
179,pga_theatrical,L.A. Confidential,False,https://en.wikipedia.org/wiki/Producers_Guild_of_America_Award_for_Best_Theatrical_Motion_Picture,"Arnon Milchan, Curtis Hanson, and Michael G. Nathanson",1997
180,pga_theatrical,Saving Private Ryan,True,https://en.wikipedia.org/wiki/Producers_Guild_of_America_Award_for_Best_Theatrical_Motion_Picture,"Steven Spielberg, Allison Lyon Segan, Bonnie Curtis, Ian Bryce, Mark Gordon, and Gary Levinsohn",1998
181,pga_theatrical,Life Is Beautiful,False,https://en.wikipedia.org/wiki/Producers_Guild_of_America_Award_for_Best_Theatrical_Motion_Picture,Elda Ferri and Gianluigi Braschi,1998
182,pga_theatrical,Shakespeare in Love,False,https://en.wikipedia.org/wiki/Producers_Guild_of_America_Award_for_Best_Theatrical_Motion_Picture,"David Parfitt, Donna Gigliotti, Harvey Weinstein, Edward Zwick, and Marc Norman",1998
183,pga_theatrical,The Thin Red Line,False,https://en.wikipedia.org/wiki/Producers_Guild_of_America_Award_for_Best_Theatrical_Motion_Picture,"Robert Michael Geisler, John Roberdeau, and Grant Hill",1998
184,pga_theatrical,The Truman Show,False,https://en.wikipedia.org/wiki/Producers_Guild_of_America_Award_for_Best_Theatrical_Motion_Picture,"Edward S. Feldman, Scott Rudin, Andrew Niccol, and Adam Schroeder",1998
185,pga_theatrical,American Beauty,True,https://en.wikipedia.org/wiki/Producers_Guild_of_America_Award_for_Best_Theatrical_Motion_Picture,Bruce Cohen and Dan Jinks,1999
186,pga_theatrical,Being John Malkovich,False,https://en.wikipedia.org/wiki/Producers_Guild_of_America_Award_for_Best_Theatrical_Motion_Picture,"Michael Stipe, Sandy Stern, Steve Golin and Vincent Landay",1999
187,pga_theatrical,The Insider,False,https://en.wikipedia.org/wiki/Producers_Guild_of_America_Award_for_Best_Theatrical_Motion_Picture,Michael Mann and Pieter Jan Brugge,1999
188,pga_theatrical,The Matrix,False,https://en.wikipedia.org/wiki/Producers_Guild_of_America_Award_for_Best_Theatrical_Motion_Picture,Joel Silver,1999
189,pga_theatrical,The Sixth Sense,False,https://en.wikipedia.org/wiki/Producers_Guild_of_America_Award_for_Best_Theatrical_Motion_Picture,"Frank Marshall, Kathleen Kennedy, and Barry Mendel",1999
190,pga_theatrical,Gladiator,True,https://en.wikipedia.org/wiki/Producers_Guild_of_America_Award_for_Best_Theatrical_Motion_Picture,"Douglas Wick, David Franzoni, and Branko Lustig",2000
191,pga_theatrical,Almost Famous,False,https://en.wikipedia.org/wiki/Producers_Guild_of_America_Award_for_Best_Theatrical_Motion_Picture,Cameron Crowe and Ian Bryce,2000
192,pga_theatrical,Billy Elliot,False,https://en.wikipedia.org/wiki/Producers_Guild_of_America_Award_for_Best_Theatrical_Motion_Picture,Greg Brenman and Jon Finn,2000
193,pga_theatrical,"Crouching Tiger, Hidden Dragon",False,https://en.wikipedia.org/wiki/Producers_Guild_of_America_Award_for_Best_Theatrical_Motion_Picture,"William Kong, Hsu Li Kong, and Ang Lee",2000
194,pga_theatrical,Erin Brockovich,False,https://en.wikipedia.org/wiki/Producers_Guild_of_America_Award_for_Best_Theatrical_Motion_Picture,"Danny DeVito, Michael Shamberg, and Stacey Sher",2000
195,pga_theatrical,Moulin Rouge!,True,https://en.wikipedia.org/wiki/Producers_Guild_of_America_Award_for_Best_Theatrical_Motion_Picture,"Baz Luhrmann, Fred Baron, and Martin Brown",2001
196,pga_theatrical,A Beautiful Mind,False,https://en.wikipedia.org/wiki/Producers_Guild_of_America_Award_for_Best_Theatrical_Motion_Picture,Brian Grazer and Ron Howard,2001
197,pga_theatrical,Harry Potter and the Sorcerer's Stone,False,https://en.wikipedia.org/wiki/Producers_Guild_of_America_Award_for_Best_Theatrical_Motion_Picture,David Heyman,2001
198,pga_theatrical,The Lord of the Rings: The Fellowship of the Ring,False,https://en.wikipedia.org/wiki/Producers_Guild_of_America_Award_for_Best_Theatrical_Motion_Picture,"Barrie M. Osborne, Peter Jackson, and Fran Walsh",2001
199,pga_theatrical,Shrek,False,https://en.wikipedia.org/wiki/Producers_Guild_of_America_Award_for_Best_Theatrical_Motion_Picture,"Aron Warner, John H. Williams and Jeffrey Katzenberg",2001
200,pga_theatrical,Chicago,True,https://en.wikipedia.org/wiki/Producers_Guild_of_America_Award_for_Best_Theatrical_Motion_Picture,Martin Richards,2002
201,pga_theatrical,Adaptation.,False,https://en.wikipedia.org/wiki/Producers_Guild_of_America_Award_for_Best_Theatrical_Motion_Picture,"Edward Saxon, Jonathan Demme, and Vincent Landay",2002
202,pga_theatrical,Gangs of New York,False,https://en.wikipedia.org/wiki/Producers_Guild_of_America_Award_for_Best_Theatrical_Motion_Picture,Alberto Grimaldi and Harvey Weinstein,2002
203,pga_theatrical,The Lord of the Rings: The Two Towers,False,https://en.wikipedia.org/wiki/Producers_Guild_of_America_Award_for_Best_Theatrical_Motion_Picture,"Barrie M. Osborne, Peter Jackson, and Fran Walsh",2002
204,pga_theatrical,My Big Fat Greek Wedding,False,https://en.wikipedia.org/wiki/Producers_Guild_of_America_Award_for_Best_Theatrical_Motion_Picture,"Rita Wilson, Tom Hanks, and Gary Goetzman",2002
205,pga_theatrical,Road to Perdition,False,https://en.wikipedia.org/wiki/Producers_Guild_of_America_Award_for_Best_Theatrical_Motion_Picture,Richard D. Zanuck and Dean Zanuck,2002
206,pga_theatrical,The Lord of the Rings: The Return of the King,True,https://en.wikipedia.org/wiki/Producers_Guild_of_America_Award_for_Best_Theatrical_Motion_Picture,"Barrie M. Osborne, Peter Jackson, and Fran Walsh",2003
207,pga_theatrical,Cold Mountain,False,https://en.wikipedia.org/wiki/Producers_Guild_of_America_Award_for_Best_Theatrical_Motion_Picture,Albert Berger,2003
208,pga_theatrical,The Last Samurai,False,https://en.wikipedia.org/wiki/Producers_Guild_of_America_Award_for_Best_Theatrical_Motion_Picture,"Marshall Herskovitz, Edward Zwick, Tom Cruise, and Paula Wagner",2003
209,pga_theatrical,Master and Commander: The Far Side of the World,False,https://en.wikipedia.org/wiki/Producers_Guild_of_America_Award_for_Best_Theatrical_Motion_Picture,"Samuel Goldwyn, Jr., Duncan Henderson, and Peter Weir",2003
210,pga_theatrical,Mystic River,False,https://en.wikipedia.org/wiki/Producers_Guild_of_America_Award_for_Best_Theatrical_Motion_Picture,"Robert Lorenz, Judie Hoyt, and Clint Eastwood",2003
211,pga_theatrical,Seabiscuit,False,https://en.wikipedia.org/wiki/Producers_Guild_of_America_Award_for_Best_Theatrical_Motion_Picture,"Kathleen Kennedy, Frank Marshall, and Gary Ross",2003
212,pga_theatrical,The Aviator,True,https://en.wikipedia.org/wiki/Producers_Guild_of_America_Award_for_Best_Theatrical_Motion_Picture,Michael Mann and Graham King,2004
213,pga_theatrical,Finding Neverland,False,https://en.wikipedia.org/wiki/Producers_Guild_of_America_Award_for_Best_Theatrical_Motion_Picture,Richard N. Gladstein and Nellie Bellflower,2004
214,pga_theatrical,The Incredibles,False,https://en.wikipedia.org/wiki/Producers_Guild_of_America_Award_for_Best_Theatrical_Motion_Picture,John Walker,2004
215,pga_theatrical,Million Dollar Baby,False,https://en.wikipedia.org/wiki/Producers_Guild_of_America_Award_for_Best_Theatrical_Motion_Picture,"Clint Eastwood, Albert S. Ruddy and Tom Rosenberg",2004
216,pga_theatrical,Sideways,False,https://en.wikipedia.org/wiki/Producers_Guild_of_America_Award_for_Best_Theatrical_Motion_Picture,Michael London,2004
217,pga_theatrical,Brokeback Mountain,True,https://en.wikipedia.org/wiki/Producers_Guild_of_America_Award_for_Best_Theatrical_Motion_Picture,Diana Ossana and James Schamus,2005
218,pga_theatrical,Capote,False,https://en.wikipedia.org/wiki/Producers_Guild_of_America_Award_for_Best_Theatrical_Motion_Picture,"Caroline Baron, William Vince, and Michael Ohoven",2005
219,pga_theatrical,Crash,False,https://en.wikipedia.org/wiki/Producers_Guild_of_America_Award_for_Best_Theatrical_Motion_Picture,Paul Haggis and Cathy Schulman,2005
220,pga_theatrical,"Good Night, and Good Luck",False,https://en.wikipedia.org/wiki/Producers_Guild_of_America_Award_for_Best_Theatrical_Motion_Picture,Grant Heslov,2005
221,pga_theatrical,Walk the Line,False,https://en.wikipedia.org/wiki/Producers_Guild_of_America_Award_for_Best_Theatrical_Motion_Picture,James Keach and Cathy Konrad,2005
222,pga_theatrical,Little Miss Sunshine,True,https://en.wikipedia.org/wiki/Producers_Guild_of_America_Award_for_Best_Theatrical_Motion_Picture,"Albert Berger, David T. Friendly, Peter Saraf, Marc Turtletaub, and Ron Yerxa",2006
223,pga_theatrical,Babel,False,https://en.wikipedia.org/wiki/Producers_Guild_of_America_Award_for_Best_Theatrical_Motion_Picture,"Steve Golin, Alejandro González Iñárritu, and Jon Kilik",2006
224,pga_theatrical,The Departed,False,https://en.wikipedia.org/wiki/Producers_Guild_of_America_Award_for_Best_Theatrical_Motion_Picture,Graham King,2006
225,pga_theatrical,Dreamgirls,False,https://en.wikipedia.org/wiki/Producers_Guild_of_America_Award_for_Best_Theatrical_Motion_Picture,Laurence Mark,2006
226,pga_theatrical,The Queen,False,https://en.wikipedia.org/wiki/Producers_Guild_of_America_Award_for_Best_Theatrical_Motion_Picture,"Andy Harries, Christine Langan, and Tracey Seaward",2006
227,pga_theatrical,No Country for Old Men,True,https://en.wikipedia.org/wiki/Producers_Guild_of_America_Award_for_Best_Theatrical_Motion_Picture,"Scott Rudin, Joel and Ethan Coen",2007
228,pga_theatrical,The Diving Bell and the Butterfly,False,https://en.wikipedia.org/wiki/Producers_Guild_of_America_Award_for_Best_Theatrical_Motion_Picture,Kathleen Kennedy and Jon Kilik,2007
229,pga_theatrical,Juno,False,https://en.wikipedia.org/wiki/Producers_Guild_of_America_Award_for_Best_Theatrical_Motion_Picture,"Lianne Halfon, Mason Novick, and Russell Smith",2007
230,pga_theatrical,Michael Clayton,False,https://en.wikipedia.org/wiki/Producers_Guild_of_America_Award_for_Best_Theatrical_Motion_Picture,"Jennifer Fox, Kerry Orent, and Sydney Pollack",2007
231,pga_theatrical,There Will Be Blood,False,https://en.wikipedia.org/wiki/Producers_Guild_of_America_Award_for_Best_Theatrical_Motion_Picture,"Paul Thomas Anderson, Daniel Lupi, and JoAnne Sellar",2007
232,pga_theatrical,Slumdog Millionaire,True,https://en.wikipedia.org/wiki/Producers_Guild_of_America_Award_for_Best_Theatrical_Motion_Picture,Christian Colson,2008
233,pga_theatrical,The Curious Case of Benjamin Button,False,https://en.wikipedia.org/wiki/Producers_Guild_of_America_Award_for_Best_Theatrical_Motion_Picture,"Kathleen Kennedy, Frank Marshall, and Cean Chaffin",2008
234,pga_theatrical,The Dark Knight,False,https://en.wikipedia.org/wiki/Producers_Guild_of_America_Award_for_Best_Theatrical_Motion_Picture,"Christopher Nolan, Emma Thomas, and Charles Roven",2008
235,pga_theatrical,Frost/Nixon,False,https://en.wikipedia.org/wiki/Producers_Guild_of_America_Award_for_Best_Theatrical_Motion_Picture,"Ron Howard, Brian Grazer, and Eric Fellner",2008
236,pga_theatrical,Milk,False,https://en.wikipedia.org/wiki/Producers_Guild_of_America_Award_for_Best_Theatrical_Motion_Picture,Bruce Cohen and Dan Jinks,2008
237,pga_theatrical,The Hurt Locker,True,https://en.wikipedia.org/wiki/Producers_Guild_of_America_Award_for_Best_Theatrical_Motion_Picture,"Kathryn Bigelow, Mark Boal, Nicolas Chartier, and Greg Shapiro",2009
238,pga_theatrical,Avatar,False,https://en.wikipedia.org/wiki/Producers_Guild_of_America_Award_for_Best_Theatrical_Motion_Picture,James Cameron and Jon Landau,2009
239,pga_theatrical,District 9,False,https://en.wikipedia.org/wiki/Producers_Guild_of_America_Award_for_Best_Theatrical_Motion_Picture,Peter Jackson and Carolynne Cunningham,2009
240,pga_theatrical,An Education,False,https://en.wikipedia.org/wiki/Producers_Guild_of_America_Award_for_Best_Theatrical_Motion_Picture,Finola Dwyer and Amanda Posey,2009
241,pga_theatrical,Inglourious Basterds,False,https://en.wikipedia.org/wiki/Producers_Guild_of_America_Award_for_Best_Theatrical_Motion_Picture,Lawrence Bender,2009
242,pga_theatrical,Invictus,False,https://en.wikipedia.org/wiki/Producers_Guild_of_America_Award_for_Best_Theatrical_Motion_Picture,"Clint Eastwood, Lori McCreary, Rob Lorenz, and Mace Neufeld",2009
243,pga_theatrical,Precious,False,https://en.wikipedia.org/wiki/Producers_Guild_of_America_Award_for_Best_Theatrical_Motion_Picture,"Lee Daniels, Sarah Siegel-Magness, and Gary Magness",2009
244,pga_theatrical,Star Trek,False,https://en.wikipedia.org/wiki/Producers_Guild_of_America_Award_for_Best_Theatrical_Motion_Picture,J. J. Abrams and Damon Lindelof,2009
245,pga_theatrical,Up,False,https://en.wikipedia.org/wiki/Producers_Guild_of_America_Award_for_Best_Theatrical_Motion_Picture,Jonas Rivera,2009
246,pga_theatrical,Up in the Air,False,https://en.wikipedia.org/wiki/Producers_Guild_of_America_Award_for_Best_Theatrical_Motion_Picture,"Ivan Reitman, Jason Reitman, and Daniel Dubiecki",2009
247,pga_theatrical,The King's Speech,True,https://en.wikipedia.org/wiki/Producers_Guild_of_America_Award_for_Best_Theatrical_Motion_Picture,"Iain Canning, Emile Sherman, and Gareth Unwin",2010
248,pga_theatrical,127 Hours,False,https://en.wikipedia.org/wiki/Producers_Guild_of_America_Award_for_Best_Theatrical_Motion_Picture,Danny Boyle and Christian Colson,2010
249,pga_theatrical,Black Swan,False,https://en.wikipedia.org/wiki/Producers_Guild_of_America_Award_for_Best_Theatrical_Motion_Picture,"Scott Franklin, Mike Medavoy, and Brian Oliver",2010
250,pga_theatrical,The Fighter,False,https://en.wikipedia.org/wiki/Producers_Guild_of_America_Award_for_Best_Theatrical_Motion_Picture,"David Hoberman, Todd Lieberman, and Mark Wahlberg",2010
251,pga_theatrical,Inception,False,https://en.wikipedia.org/wiki/Producers_Guild_of_America_Award_for_Best_Theatrical_Motion_Picture,Christopher Nolan and Emma Thomas,2010
252,pga_theatrical,The Kids Are All Right,False,https://en.wikipedia.org/wiki/Producers_Guild_of_America_Award_for_Best_Theatrical_Motion_Picture,"Gary Gilbert, Jeffrey Levy-Hinte, and Celine Rattray",2010
253,pga_theatrical,The Social Network,False,https://en.wikipedia.org/wiki/Producers_Guild_of_America_Award_for_Best_Theatrical_Motion_Picture,"Dana Brunetti, Ceán Chaffin, Michael De Luca, and Scott Rudin",2010
254,pga_theatrical,The Town,False,https://en.wikipedia.org/wiki/Producers_Guild_of_America_Award_for_Best_Theatrical_Motion_Picture,Basil Iwanyk and Graham King,2010
255,pga_theatrical,Toy Story 3,False,https://en.wikipedia.org/wiki/Producers_Guild_of_America_Award_for_Best_Theatrical_Motion_Picture,Darla K. Anderson,2010
256,pga_theatrical,True Grit,False,https://en.wikipedia.org/wiki/Producers_Guild_of_America_Award_for_Best_Theatrical_Motion_Picture,"Joel and Ethan Coen, and Scott Rudin",2010
257,pga_theatrical,The Artist,True,https://en.wikipedia.org/wiki/Producers_Guild_of_America_Award_for_Best_Theatrical_Motion_Picture,Thomas Langmann,2011
258,pga_theatrical,Bridesmaids,False,https://en.wikipedia.org/wiki/Producers_Guild_of_America_Award_for_Best_Theatrical_Motion_Picture,"Judd Apatow, Barry Mendel, and Clayton Townsend",2011
259,pga_theatrical,The Descendants,False,https://en.wikipedia.org/wiki/Producers_Guild_of_America_Award_for_Best_Theatrical_Motion_Picture,"Jim Burke, Alexander Payne, and Jim Taylor",2011
260,pga_theatrical,The Girl with the Dragon Tattoo,False,https://en.wikipedia.org/wiki/Producers_Guild_of_America_Award_for_Best_Theatrical_Motion_Picture,Ceán Chaffin and Scott Rudin,2011
261,pga_theatrical,The Help,False,https://en.wikipedia.org/wiki/Producers_Guild_of_America_Award_for_Best_Theatrical_Motion_Picture,"Michael Barnathan, Chris Columbus, and Brunson Green",2011
262,pga_theatrical,Hugo,False,https://en.wikipedia.org/wiki/Producers_Guild_of_America_Award_for_Best_Theatrical_Motion_Picture,Graham King and Martin Scorsese,2011
263,pga_theatrical,The Ides of March,False,https://en.wikipedia.org/wiki/Producers_Guild_of_America_Award_for_Best_Theatrical_Motion_Picture,"George Clooney, Grant Heslov, and Brian Oliver",2011
264,pga_theatrical,Midnight in Paris,False,https://en.wikipedia.org/wiki/Producers_Guild_of_America_Award_for_Best_Theatrical_Motion_Picture,Letty Aronson and Stephen Tenenbaum,2011
265,pga_theatrical,Moneyball,False,https://en.wikipedia.org/wiki/Producers_Guild_of_America_Award_for_Best_Theatrical_Motion_Picture,"Michael De Luca, Rachael Horovitz, and Brad Pitt",2011
266,pga_theatrical,War Horse,False,https://en.wikipedia.org/wiki/Producers_Guild_of_America_Award_for_Best_Theatrical_Motion_Picture,Kathleen Kennedy and Steven Spielberg,2011
267,pga_theatrical,Argo,True,https://en.wikipedia.org/wiki/Producers_Guild_of_America_Award_for_Best_Theatrical_Motion_Picture,"Ben Affleck, George Clooney, and Grant Heslov",2012
268,pga_theatrical,Beasts of the Southern Wild,False,https://en.wikipedia.org/wiki/Producers_Guild_of_America_Award_for_Best_Theatrical_Motion_Picture,"Michael Gottwald, Dan Janvey, and Josh Penn",2012
269,pga_theatrical,Django Unchained,False,https://en.wikipedia.org/wiki/Producers_Guild_of_America_Award_for_Best_Theatrical_Motion_Picture,"Reginald Hudlin, Pilar Savone, and Stacey Sher",2012
270,pga_theatrical,Les Misérables,False,https://en.wikipedia.org/wiki/Producers_Guild_of_America_Award_for_Best_Theatrical_Motion_Picture,"Tim Bevan, Eric Fellner, Debra Hayward, and Cameron Mackintosh",2012
271,pga_theatrical,Life of Pi,False,https://en.wikipedia.org/wiki/Producers_Guild_of_America_Award_for_Best_Theatrical_Motion_Picture,"Ang Lee, Gil Netter, and David Womark",2012
272,pga_theatrical,Lincoln,False,https://en.wikipedia.org/wiki/Producers_Guild_of_America_Award_for_Best_Theatrical_Motion_Picture,Kathleen Kennedy and Steven Spielberg,2012
273,pga_theatrical,Moonrise Kingdom,False,https://en.wikipedia.org/wiki/Producers_Guild_of_America_Award_for_Best_Theatrical_Motion_Picture,"Wes Anderson, Jeremy Dawson, Steven Rales, and Scott Rudin",2012
274,pga_theatrical,Silver Linings Playbook,False,https://en.wikipedia.org/wiki/Producers_Guild_of_America_Award_for_Best_Theatrical_Motion_Picture,"Bruce Cohen, Donna Gigliotti, and Jonathan Gordon",2012
275,pga_theatrical,Skyfall,False,https://en.wikipedia.org/wiki/Producers_Guild_of_America_Award_for_Best_Theatrical_Motion_Picture,Barbara Broccoli and Michael G. Wilson,2012
276,pga_theatrical,Zero Dark Thirty,False,https://en.wikipedia.org/wiki/Producers_Guild_of_America_Award_for_Best_Theatrical_Motion_Picture,"Kathryn Bigelow, Mark Boal, and Megan Ellison",2012
277,pga_theatrical,12 Years a Slave (tie),True,https://en.wikipedia.org/wiki/Producers_Guild_of_America_Award_for_Best_Theatrical_Motion_Picture,"Anthony Katagas, Jeremy Kleiner, Steve McQueen, Brad Pitt, and Dede Gardner",2013
278,pga_theatrical,Gravity (tie),False,https://en.wikipedia.org/wiki/Producers_Guild_of_America_Award_for_Best_Theatrical_Motion_Picture,Alfonso Cuarón and David Heyman,2013
279,pga_theatrical,American Hustle,False,https://en.wikipedia.org/wiki/Producers_Guild_of_America_Award_for_Best_Theatrical_Motion_Picture,"Megan Ellison, Jonathan Gordon, Charles Roven, and Richard Suckle",2013
280,pga_theatrical,Blue Jasmine,False,https://en.wikipedia.org/wiki/Producers_Guild_of_America_Award_for_Best_Theatrical_Motion_Picture,Letty Aronson and Stephen Tenenbaum,2013
281,pga_theatrical,Captain Phillips,False,https://en.wikipedia.org/wiki/Producers_Guild_of_America_Award_for_Best_Theatrical_Motion_Picture,"Dana Brunetti, Michael De Luca, and Scott Rudin",2013
282,pga_theatrical,Dallas Buyers Club,False,https://en.wikipedia.org/wiki/Producers_Guild_of_America_Award_for_Best_Theatrical_Motion_Picture,Robbie Brenner and Rachel Winter,2013
283,pga_theatrical,Her,False,https://en.wikipedia.org/wiki/Producers_Guild_of_America_Award_for_Best_Theatrical_Motion_Picture,"Megan Ellison, Spike Jonze, and Vincent Landay",2013
284,pga_theatrical,Nebraska,False,https://en.wikipedia.org/wiki/Producers_Guild_of_America_Award_for_Best_Theatrical_Motion_Picture,Albert Berger and Ron Yerxa,2013
285,pga_theatrical,Saving Mr. Banks,False,https://en.wikipedia.org/wiki/Producers_Guild_of_America_Award_for_Best_Theatrical_Motion_Picture,"Ian Collie, Alison Owen, and Philip Steuer",2013
286,pga_theatrical,The Wolf of Wall Street,False,https://en.wikipedia.org/wiki/Producers_Guild_of_America_Award_for_Best_Theatrical_Motion_Picture,"Riza Aziz, Emma Koskoff, and Joey McFarland",2013
287,pga_theatrical,Birdman or (The Unexpected Virtue of Ignorance),True,https://en.wikipedia.org/wiki/Producers_Guild_of_America_Award_for_Best_Theatrical_Motion_Picture,"Alejandro G. Iñárritu, John Lesher, and James W. Skotchdopole",2014
288,pga_theatrical,American Sniper,False,https://en.wikipedia.org/wiki/Producers_Guild_of_America_Award_for_Best_Theatrical_Motion_Picture,"Clint Eastwood, Robert Lorenz, Andrew Lazar, Bradley Cooper, and Peter Morgan",2014
289,pga_theatrical,Boyhood,False,https://en.wikipedia.org/wiki/Producers_Guild_of_America_Award_for_Best_Theatrical_Motion_Picture,Richard Linklater and Cathleen Sutherland,2014
290,pga_theatrical,Foxcatcher,False,https://en.wikipedia.org/wiki/Producers_Guild_of_America_Award_for_Best_Theatrical_Motion_Picture,"Bennett Miller, Megan Ellison, and Jon Kilik",2014
291,pga_theatrical,Gone Girl,False,https://en.wikipedia.org/wiki/Producers_Guild_of_America_Award_for_Best_Theatrical_Motion_Picture,Ceán Chaffin,2014
292,pga_theatrical,The Grand Budapest Hotel,False,https://en.wikipedia.org/wiki/Producers_Guild_of_America_Award_for_Best_Theatrical_Motion_Picture,"Wes Anderson, Jeremy Dawson, Steven M. Rales, and Scott Rudin",2014
293,pga_theatrical,The Imitation Game,False,https://en.wikipedia.org/wiki/Producers_Guild_of_America_Award_for_Best_Theatrical_Motion_Picture,"Nora Grossman, Ido Ostrowsky, and Teddy Schwarzman",2014
294,pga_theatrical,Nightcrawler,False,https://en.wikipedia.org/wiki/Producers_Guild_of_America_Award_for_Best_Theatrical_Motion_Picture,Jennifer Fox and Tony Gilroy,2014
295,pga_theatrical,The Theory of Everything,False,https://en.wikipedia.org/wiki/Producers_Guild_of_America_Award_for_Best_Theatrical_Motion_Picture,"Tim Bevan, Eric Fellner, Lisa Bruce, and Anthony McCarten",2014
296,pga_theatrical,Whiplash,False,https://en.wikipedia.org/wiki/Producers_Guild_of_America_Award_for_Best_Theatrical_Motion_Picture,"Jason Blum, Helen Estabrook, and David Lancaster",2014
297,sag_ensemble,Apollo 13,True,https://en.wikipedia.org/wiki/Screen_Actors_Guild_Award_for_Outstanding_Performance_by_a_Cast_in_a_Motion_Picture,"Kevin Bacon, Tom Hanks, Ed Harris, Bill Paxton, Kathleen Quinlan, Gary Sinise","1995
(2nd)"
298,sag_ensemble,Get Shorty,False,https://en.wikipedia.org/wiki/Screen_Actors_Guild_Award_for_Outstanding_Performance_by_a_Cast_in_a_Motion_Picture,"Danny DeVito, Dennis Farina, James Gandolfini, Gene Hackman, Delroy Lindo, David Paymer, Rene Russo, John Travolta","1995
(2nd)"
299,sag_ensemble,How to Make an American Quilt,False,https://en.wikipedia.org/wiki/Screen_Actors_Guild_Award_for_Outstanding_Performance_by_a_Cast_in_a_Motion_Picture,"Maya Angelou, Anne Bancroft, Ellen Burstyn, Samantha Mathis, Kate Nelligan, Winona Ryder, Jean Simmons, Lois Smith, Alfre Woodard","1995
(2nd)"
300,sag_ensemble,Nixon,False,https://en.wikipedia.org/wiki/Screen_Actors_Guild_Award_for_Outstanding_Performance_by_a_Cast_in_a_Motion_Picture,"Joan Allen, Brian Bedford, Powers Boothe, Kevin Dunn, Fyvush Finkel, Annabeth Gish, Tony Goldwyn, Larry Hagman, Ed Harris, Edward Herrmann, Anthony Hopkins, Bob Hoskins, Madeline Kahn, E. G. Marshall, David Paymer, David Hyde Pierce, Paul Sorvino, Mary Steenburgen, J. T. Walsh, James Woods","1995
(2nd)"
301,sag_ensemble,Sense and Sensibility,False,https://en.wikipedia.org/wiki/Screen_Actors_Guild_Award_for_Outstanding_Performance_by_a_Cast_in_a_Motion_Picture,"Hugh Grant, Alan Rickman, Emma Thompson, Kate Winslet","1995
(2nd)"
302,sag_ensemble,The Birdcage,True,https://en.wikipedia.org/wiki/Screen_Actors_Guild_Award_for_Outstanding_Performance_by_a_Cast_in_a_Motion_Picture,"Hank Azaria, Christine Baranski, Dan Futterman, Gene Hackman, Nathan Lane, Dianne Wiest, Robin Williams","1996
(3rd)"
303,sag_ensemble,The English Patient,False,https://en.wikipedia.org/wiki/Screen_Actors_Guild_Award_for_Outstanding_Performance_by_a_Cast_in_a_Motion_Picture,"Naveen Andrews, Juliette Binoche, Willem Dafoe, Ralph Fiennes, Colin Firth, Jürgen Prochnow, Kristin Scott Thomas, Julian Wadham","1996
(3rd)"
304,sag_ensemble,Marvin's Room,False,https://en.wikipedia.org/wiki/Screen_Actors_Guild_Award_for_Outstanding_Performance_by_a_Cast_in_a_Motion_Picture,"Hume Cronyn, Robert De Niro, Leonardo DiCaprio, Dan Hedaya, Diane Keaton, Hal Scardino, Meryl Streep, Gwen Verdon","1996
(3rd)"
305,sag_ensemble,Shine,False,https://en.wikipedia.org/wiki/Screen_Actors_Guild_Award_for_Outstanding_Performance_by_a_Cast_in_a_Motion_Picture,"John Gielgud, Armin Mueller-Stahl, Lynn Redgrave, Geoffrey Rush, Noah Taylor, Googie Withers","1996
(3rd)"
306,sag_ensemble,Sling Blade,False,https://en.wikipedia.org/wiki/Screen_Actors_Guild_Award_for_Outstanding_Performance_by_a_Cast_in_a_Motion_Picture,"Lucas Black, Natalie Canerday, Robert Duvall, James Hampton, John Ritter, Billy Bob Thornton, J. T. Walsh, Dwight Yoakam","1996
(3rd)"
307,sag_ensemble,The Full Monty,True,https://en.wikipedia.org/wiki/Screen_Actors_Guild_Award_for_Outstanding_Performance_by_a_Cast_in_a_Motion_Picture,"Mark Addy, Paul Barber, Robert Carlyle, Deirdre Costello, Steve Huison, Bruce Jones, Lesley Sharp, William Snape, Hugo Speer, Tom Wilkinson, Emily Woof","1997
(4th)"
308,sag_ensemble,Boogie Nights,False,https://en.wikipedia.org/wiki/Screen_Actors_Guild_Award_for_Outstanding_Performance_by_a_Cast_in_a_Motion_Picture,"Don Cheadle, Heather Graham, Luis Guzmán, Philip Baker Hall, Philip Seymour Hoffman, Thomas Jane, Ricky Jay, William H. Macy, Alfred Molina, Julianne Moore, Nicole Ari Parker, John C. Reilly, Burt Reynolds, Robert Ridgely, Mark Wahlberg, Melora Walters","1997
(4th)"
309,sag_ensemble,Good Will Hunting,False,https://en.wikipedia.org/wiki/Screen_Actors_Guild_Award_for_Outstanding_Performance_by_a_Cast_in_a_Motion_Picture,"Ben Affleck, Matt Damon, Minnie Driver, Stellan Skarsgård, Robin Williams","1997
(4th)"
310,sag_ensemble,L.A. Confidential,False,https://en.wikipedia.org/wiki/Screen_Actors_Guild_Award_for_Outstanding_Performance_by_a_Cast_in_a_Motion_Picture,"Kim Basinger, James Cromwell, Russell Crowe, Danny DeVito, Guy Pearce, Kevin Spacey, David Strathairn","1997
(4th)"
311,sag_ensemble,Titanic,False,https://en.wikipedia.org/wiki/Screen_Actors_Guild_Award_for_Outstanding_Performance_by_a_Cast_in_a_Motion_Picture,"Suzy Amis, Kathy Bates, Leonardo DiCaprio, Frances Fisher, Bernard Fox, Victor Garber, Bernard Hill, Jonathan Hyde, Danny Nucci, Bill Paxton, Gloria Stuart, David Warner, Kate Winslet, Billy Zane","1997
(4th)"
312,sag_ensemble,Shakespeare in Love,True,https://en.wikipedia.org/wiki/Screen_Actors_Guild_Award_for_Outstanding_Performance_by_a_Cast_in_a_Motion_Picture,"Ben Affleck, Simon Callow, Jim Carter, Martin Clunes, Judi Dench, Joseph Fiennes, Colin Firth, Gwyneth Paltrow, Geoffrey Rush, Antony Sher, Imelda Staunton","1998
(5th)"
313,sag_ensemble,Life Is Beautiful (Italian: La vita è bella),False,https://en.wikipedia.org/wiki/Screen_Actors_Guild_Award_for_Outstanding_Performance_by_a_Cast_in_a_Motion_Picture,"Roberto Benigni, Nicoletta Braschi, Horst Buchholz, Sergio Bini Bustric, Giorgio Cantarini, Giustino Durano, Amerigo Fontani, Giuliana Lojodice, Marisa Paredes","1998
(5th)"
314,sag_ensemble,Little Voice,False,https://en.wikipedia.org/wiki/Screen_Actors_Guild_Award_for_Outstanding_Performance_by_a_Cast_in_a_Motion_Picture,"Annette Badland, Brenda Blethyn, Jim Broadbent, Michael Caine, Jane Horrocks, Philip Jackson, Ewan McGregor","1998
(5th)"
315,sag_ensemble,Saving Private Ryan,False,https://en.wikipedia.org/wiki/Screen_Actors_Guild_Award_for_Outstanding_Performance_by_a_Cast_in_a_Motion_Picture,"Edward Burns, Matt Damon, Jeremy Davies, Vin Diesel, Adam Goldberg, Tom Hanks, Barry Pepper, Giovanni Ribisi, Tom Sizemore","1998
(5th)"
316,sag_ensemble,Waking Ned,False,https://en.wikipedia.org/wiki/Screen_Actors_Guild_Award_for_Outstanding_Performance_by_a_Cast_in_a_Motion_Picture,"Ian Bannen, Fionnula Flanagan, David Kelly, Susan Lynch, James Nesbitt","1998
(5th)"
317,sag_ensemble,American Beauty,True,https://en.wikipedia.org/wiki/Screen_Actors_Guild_Award_for_Outstanding_Performance_by_a_Cast_in_a_Motion_Picture,"Annette Bening, Wes Bentley, Thora Birch, Chris Cooper, Peter Gallagher, Allison Janney, Kevin Spacey, Mena Suvari","1999
(6th)"
318,sag_ensemble,Being John Malkovich,False,https://en.wikipedia.org/wiki/Screen_Actors_Guild_Award_for_Outstanding_Performance_by_a_Cast_in_a_Motion_Picture,"Orson Bean, John Cusack, Cameron Diaz, Catherine Keener, John Malkovich, Mary Kay Place, Charlie Sheen","1999
(6th)"
319,sag_ensemble,The Cider House Rules,False,https://en.wikipedia.org/wiki/Screen_Actors_Guild_Award_for_Outstanding_Performance_by_a_Cast_in_a_Motion_Picture,"Jane Alexander, Erykah Badu, Kathy Baker, Michael Caine, Delroy Lindo, Tobey Maguire, Kate Nelligan, Paul Rudd, Charlize Theron","1999
(6th)"
320,sag_ensemble,The Green Mile,False,https://en.wikipedia.org/wiki/Screen_Actors_Guild_Award_for_Outstanding_Performance_by_a_Cast_in_a_Motion_Picture,"Patricia Clarkson, James Cromwell, Jeffrey DeMunn, Michael Clarke Duncan, Graham Greene, Tom Hanks, Bonnie Hunt, Doug Hutchison, Michael Jeter, David Morse, Barry Pepper, Sam Rockwell, Harry Dean Stanton","1999
(6th)"
321,sag_ensemble,Magnolia,False,https://en.wikipedia.org/wiki/Screen_Actors_Guild_Award_for_Outstanding_Performance_by_a_Cast_in_a_Motion_Picture,"Jeremy Blackman, Tom Cruise, Melinda Dillon, April Grace, Luis Guzmán, Philip Baker Hall, Philip Seymour Hoffman, Ricky Jay, William H. Macy, Alfred Molina, Julianne Moore, John C. Reilly, Jason Robards, Melora Walters","1999
(6th)"
322,sag_ensemble,Traffic,True,https://en.wikipedia.org/wiki/Screen_Actors_Guild_Award_for_Outstanding_Performance_by_a_Cast_in_a_Motion_Picture,"Steven Bauer, Benjamin Bratt, James Brolin, Don Cheadle, Erika Christensen, Clifton Collins Jr., Michael Douglas, Miguel Ferrer, Albert Finney, Topher Grace, Luis Guzmán, Amy Irving, Tomas Milian, D. W. Moffett, Dennis Quaid, Peter Riegert, Benicio del Toro, Jacob Vargas, Catherine Zeta-Jones","2000
(7th)"
323,sag_ensemble,Almost Famous,False,https://en.wikipedia.org/wiki/Screen_Actors_Guild_Award_for_Outstanding_Performance_by_a_Cast_in_a_Motion_Picture,"Fairuza Balk, Billy Crudup, Patrick Fugit, Philip Seymour Hoffman, Kate Hudson, Jason Lee, Frances McDormand, Anna Paquin, Noah Taylor","2000
(7th)"
324,sag_ensemble,Billy Elliot,False,https://en.wikipedia.org/wiki/Screen_Actors_Guild_Award_for_Outstanding_Performance_by_a_Cast_in_a_Motion_Picture,"Jamie Bell, Jamie Draven, Gary Lewis, Julie Walters","2000
(7th)"
325,sag_ensemble,Chocolat,False,https://en.wikipedia.org/wiki/Screen_Actors_Guild_Award_for_Outstanding_Performance_by_a_Cast_in_a_Motion_Picture,"Juliette Binoche, Leslie Caron, Judi Dench, Johnny Depp, Alfred Molina, Carrie-Anne Moss, Hugh O'Conor, Lena Olin, Peter Stormare, John Wood","2000
(7th)"
326,sag_ensemble,Gladiator,False,https://en.wikipedia.org/wiki/Screen_Actors_Guild_Award_for_Outstanding_Performance_by_a_Cast_in_a_Motion_Picture,"Russell Crowe, Richard Harris, Djimon Hounsou, Derek Jacobi, Connie Nielsen, Joaquin Phoenix, Oliver Reed","2000
(7th)"
327,sag_ensemble,Gosford Park,True,https://en.wikipedia.org/wiki/Screen_Actors_Guild_Award_for_Outstanding_Performance_by_a_Cast_in_a_Motion_Picture,"Eileen Atkins, Bob Balaban, Alan Bates, Charles Dance, Stephen Fry, Michael Gambon, Richard E. Grant, Tom Hollander, Derek Jacobi, Kelly Macdonald, Helen Mirren, Jeremy Northam, Clive Owen, Ryan Phillippe, Maggie Smith, Geraldine Somerville, Kristin Scott Thomas, Sophie Thompson, Emily Watson, James Wilby","2001
(8th)"
328,sag_ensemble,A Beautiful Mind,False,https://en.wikipedia.org/wiki/Screen_Actors_Guild_Award_for_Outstanding_Performance_by_a_Cast_in_a_Motion_Picture,"Paul Bettany, Jennifer Connelly, Russell Crowe, Adam Goldberg, Jason Gray-Stanford, Ed Harris, Judd Hirsch, Josh Lucas, Austin Pendleton, Christopher Plummer, Anthony Rapp","2001
(8th)"
329,sag_ensemble,In the Bedroom,False,https://en.wikipedia.org/wiki/Screen_Actors_Guild_Award_for_Outstanding_Performance_by_a_Cast_in_a_Motion_Picture,"William Mapother, Sissy Spacek, Nick Stahl, Marisa Tomei, Celia Weston, Tom Wilkinson, William Wise","2001
(8th)"
330,sag_ensemble,The Lord of the Rings: The Fellowship of the Ring,False,https://en.wikipedia.org/wiki/Screen_Actors_Guild_Award_for_Outstanding_Performance_by_a_Cast_in_a_Motion_Picture,"Sean Astin, Sean Bean, Cate Blanchett, Orlando Bloom, Billy Boyd, Ian Holm, Christopher Lee, Ian McKellen, Dominic Monaghan, Viggo Mortensen, John Rhys-Davies, Andy Serkis, Liv Tyler, Hugo Weaving, Elijah Wood","2001
(8th)"
331,sag_ensemble,Moulin Rouge!,False,https://en.wikipedia.org/wiki/Screen_Actors_Guild_Award_for_Outstanding_Performance_by_a_Cast_in_a_Motion_Picture,"Jim Broadbent, Nicole Kidman, John Leguizamo, Ewan McGregor, Richard Roxburgh","2001
(8th)"
332,sag_ensemble,Chicago,True,https://en.wikipedia.org/wiki/Screen_Actors_Guild_Award_for_Outstanding_Performance_by_a_Cast_in_a_Motion_Picture,"Christine Baranski, Ekaterina Chtchelkanova, Taye Diggs, Denise Faye, Colm Feore, Richard Gere, Deidre Goodwin, Queen Latifah, Lucy Liu, Susan Misner, Mýa, John C. Reilly, Dominic West, Renée Zellweger, Catherine Zeta-Jones","2002
(9th)"
333,sag_ensemble,Adaptation.,False,https://en.wikipedia.org/wiki/Screen_Actors_Guild_Award_for_Outstanding_Performance_by_a_Cast_in_a_Motion_Picture,"Nicolas Cage, Chris Cooper, Brian Cox, Cara Seymour, Meryl Streep, Tilda Swinton","2002
(9th)"
334,sag_ensemble,The Hours,False,https://en.wikipedia.org/wiki/Screen_Actors_Guild_Award_for_Outstanding_Performance_by_a_Cast_in_a_Motion_Picture,"Toni Collette, Claire Danes, Jeff Daniels, Stephen Dillane, Ed Harris, Allison Janney, Nicole Kidman, Julianne Moore, John C. Reilly, Miranda Richardson, Meryl Streep","2002
(9th)"
335,sag_ensemble,The Lord of the Rings: The Two Towers,False,https://en.wikipedia.org/wiki/Screen_Actors_Guild_Award_for_Outstanding_Performance_by_a_Cast_in_a_Motion_Picture,"Sean Astin, Cate Blanchett, Orlando Bloom, Billy Boyd, Brad Dourif, Bernard Hill, Christopher Lee, Ian McKellen, Dominic Monaghan, Viggo Mortensen, Miranda Otto, John Rhys-Davies, Andy Serkis, Liv Tyler, Karl Urban, Hugo Weaving, David Wenham, Elijah Wood","2002
(9th)"
336,sag_ensemble,My Big Fat Greek Wedding,False,https://en.wikipedia.org/wiki/Screen_Actors_Guild_Award_for_Outstanding_Performance_by_a_Cast_in_a_Motion_Picture,"Gia Carides, Michael Constantine, John Corbett, Joey Fatone, Lainie Kazan, Andrea Martin, Nia Vardalos","2002
(9th)"
337,sag_ensemble,The Lord of the Rings: The Return of the King,True,https://en.wikipedia.org/wiki/Screen_Actors_Guild_Award_for_Outstanding_Performance_by_a_Cast_in_a_Motion_Picture,"Sean Astin, Sean Bean, Cate Blanchett, Orlando Bloom, Billy Boyd, Bernard Hill, Ian Holm, Ian McKellen, Dominic Monaghan, Viggo Mortensen, John Noble, Miranda Otto, John Rhys-Davies, Andy Serkis, Liv Tyler, Karl Urban, Hugo Weaving, David Wenham, Elijah Wood","2003
(10th)"
338,sag_ensemble,In America,False,https://en.wikipedia.org/wiki/Screen_Actors_Guild_Award_for_Outstanding_Performance_by_a_Cast_in_a_Motion_Picture,"Emma Bolger, Sarah Bolger, Paddy Considine, Djimon Hounsou, Samantha Morton","2003
(10th)"
339,sag_ensemble,Mystic River,False,https://en.wikipedia.org/wiki/Screen_Actors_Guild_Award_for_Outstanding_Performance_by_a_Cast_in_a_Motion_Picture,"Kevin Bacon, Laurence Fishburne, Marcia Gay Harden, Laura Linney, Sean Penn, Tim Robbins","2003
(10th)"
340,sag_ensemble,Seabiscuit,False,https://en.wikipedia.org/wiki/Screen_Actors_Guild_Award_for_Outstanding_Performance_by_a_Cast_in_a_Motion_Picture,"Elizabeth Banks, Jeff Bridges, Chris Cooper, William H. Macy, Tobey Maguire, Gary Stevens","2003
(10th)"
341,sag_ensemble,The Station Agent,False,https://en.wikipedia.org/wiki/Screen_Actors_Guild_Award_for_Outstanding_Performance_by_a_Cast_in_a_Motion_Picture,"Paul Benjamin, Bobby Cannavale, Patricia Clarkson, Peter Dinklage, Raven Goodwin, Michelle Williams","2003
(10th)"
342,sag_ensemble,Sideways,True,https://en.wikipedia.org/wiki/Screen_Actors_Guild_Award_for_Outstanding_Performance_by_a_Cast_in_a_Motion_Picture,"Thomas Haden Church, Paul Giamatti, Virginia Madsen, Sandra Oh","2004
(11th)"
343,sag_ensemble,The Aviator,False,https://en.wikipedia.org/wiki/Screen_Actors_Guild_Award_for_Outstanding_Performance_by_a_Cast_in_a_Motion_Picture,"Alan Alda, Alec Baldwin, Kate Beckinsale, Cate Blanchett, Leonardo DiCaprio, Ian Holm, Danny Huston, Jude Law, John C. Reilly, Gwen Stefani","2004
(11th)"
344,sag_ensemble,Finding Neverland,False,https://en.wikipedia.org/wiki/Screen_Actors_Guild_Award_for_Outstanding_Performance_by_a_Cast_in_a_Motion_Picture,"Julie Christie, Johnny Depp, Freddie Highmore, Dustin Hoffman, Radha Mitchell, Joe Prospero, Nick Roud, Luke Spill, Kate Winslet","2004
(11th)"
345,sag_ensemble,Hotel Rwanda,False,https://en.wikipedia.org/wiki/Screen_Actors_Guild_Award_for_Outstanding_Performance_by_a_Cast_in_a_Motion_Picture,"Don Cheadle, Nick Nolte, Sophie Okonedo, Joaquin Phoenix","2004
(11th)"
346,sag_ensemble,Million Dollar Baby,False,https://en.wikipedia.org/wiki/Screen_Actors_Guild_Award_for_Outstanding_Performance_by_a_Cast_in_a_Motion_Picture,"Clint Eastwood, Morgan Freeman, Hilary Swank","2004
(11th)"
347,sag_ensemble,Ray,False,https://en.wikipedia.org/wiki/Screen_Actors_Guild_Award_for_Outstanding_Performance_by_a_Cast_in_a_Motion_Picture,"Aunjanue Ellis, Jamie Foxx, Terrence Howard, Regina King, Harry J. Lennix, Clifton Powell, Larenz Tate, Kerry Washington","2004
(11th)"
348,sag_ensemble,Crash,True,https://en.wikipedia.org/wiki/Screen_Actors_Guild_Award_for_Outstanding_Performance_by_a_Cast_in_a_Motion_Picture,"Chris ""Ludacris"" Bridges, Sandra Bullock, Don Cheadle, Matt Dillon, Jennifer Esposito, William Fichtner, Brendan Fraser, Terrence Howard, Thandie Newton, Ryan Phillippe, Larenz Tate","2005
(12th)"
349,sag_ensemble,Brokeback Mountain,False,https://en.wikipedia.org/wiki/Screen_Actors_Guild_Award_for_Outstanding_Performance_by_a_Cast_in_a_Motion_Picture,"Linda Cardellini, Anna Faris, Jake Gyllenhaal, Anne Hathaway, Heath Ledger, Randy Quaid, Michelle Williams","2005
(12th)"
350,sag_ensemble,Capote,False,https://en.wikipedia.org/wiki/Screen_Actors_Guild_Award_for_Outstanding_Performance_by_a_Cast_in_a_Motion_Picture,"Bob Balaban, Marshall Bell, Clifton Collins Jr., Chris Cooper, Bruce Greenwood, Philip Seymour Hoffman, Catherine Keener, Mark Pellegrino","2005
(12th)"
351,sag_ensemble,"Good Night, and Good Luck.",False,https://en.wikipedia.org/wiki/Screen_Actors_Guild_Award_for_Outstanding_Performance_by_a_Cast_in_a_Motion_Picture,"Rose Abdoo, Alex Borstein, Robert John Burke, Patricia Clarkson, George Clooney, Jeff Daniels, Reed Diamond, Tate Donovan, Robert Downey Jr., Grant Heslov, Peter Jacobson, Frank Langella, Thomas McCarthy, Dianne Reeves, Matt Ross, David Strathairn, Ray Wise","2005
(12th)"
352,sag_ensemble,Hustle & Flow,False,https://en.wikipedia.org/wiki/Screen_Actors_Guild_Award_for_Outstanding_Performance_by_a_Cast_in_a_Motion_Picture,"Anthony Anderson, Christopher ""Ludacris"" Bridges, Isaac Hayes, Taraji P. Henson, Terrence Howard, Taryn Manning, Elise Neal, Paula Jai Parker, DJ Qualls","2005
(12th)"
353,sag_ensemble,Little Miss Sunshine,True,https://en.wikipedia.org/wiki/Screen_Actors_Guild_Award_for_Outstanding_Performance_by_a_Cast_in_a_Motion_Picture,"Alan Arkin, Abigail Breslin, Steve Carell, Toni Collette, Paul Dano, Greg Kinnear","2006
(13th)"
354,sag_ensemble,Babel,False,https://en.wikipedia.org/wiki/Screen_Actors_Guild_Award_for_Outstanding_Performance_by_a_Cast_in_a_Motion_Picture,"Adriana Barraza, Gael García Bernal, Cate Blanchett, Rinko Kikuchi, Brad Pitt, Koji Yakusho","2006
(13th)"
355,sag_ensemble,Bobby,False,https://en.wikipedia.org/wiki/Screen_Actors_Guild_Award_for_Outstanding_Performance_by_a_Cast_in_a_Motion_Picture,"Harry Belafonte, Joy Bryant, Nick Cannon, Emilio Estevez, Laurence Fishburne, Brian Geraghty, Heather Graham, Anthony Hopkins, Helen Hunt, Joshua Jackson, David Krumholtz, Ashton Kutcher, Shia LaBeouf, Lindsay Lohan, William H. Macy, Svetlana Metkina, Demi Moore, Freddy Rodriguez, Martin Sheen, Christian Slater, Sharon Stone, Jacob Vargas, Mary Elizabeth Winstead, Elijah Wood","2006
(13th)"
356,sag_ensemble,The Departed,False,https://en.wikipedia.org/wiki/Screen_Actors_Guild_Award_for_Outstanding_Performance_by_a_Cast_in_a_Motion_Picture,"Anthony Anderson, Alec Baldwin, Matt Damon, Leonardo DiCaprio, Vera Farmiga, Jack Nicholson, Martin Sheen, Mark Wahlberg, Ray Winstone","2006
(13th)"
357,sag_ensemble,Dreamgirls,False,https://en.wikipedia.org/wiki/Screen_Actors_Guild_Award_for_Outstanding_Performance_by_a_Cast_in_a_Motion_Picture,"Hinton Battle, Jamie Foxx, Danny Glover, Jennifer Hudson, Beyoncé Knowles, Sharon Leal, Eddie Murphy, Keith Robinson, Anika Noni Rose","2006
(13th)"
358,sag_ensemble,No Country for Old Men,True,https://en.wikipedia.org/wiki/Screen_Actors_Guild_Award_for_Outstanding_Performance_by_a_Cast_in_a_Motion_Picture,"Javier Bardem, Josh Brolin, Garret Dillahunt, Tess Harper, Woody Harrelson, Tommy Lee Jones, Kelly Macdonald","2007
(14th)"
359,sag_ensemble,3:10 to Yuma,False,https://en.wikipedia.org/wiki/Screen_Actors_Guild_Award_for_Outstanding_Performance_by_a_Cast_in_a_Motion_Picture,"Christian Bale, Russell Crowe, Peter Fonda, Ben Foster, Logan Lerman, Gretchen Mol, Dallas Roberts, Vinessa Shaw, Alan Tudyk","2007
(14th)"
360,sag_ensemble,American Gangster,False,https://en.wikipedia.org/wiki/Screen_Actors_Guild_Award_for_Outstanding_Performance_by_a_Cast_in_a_Motion_Picture,"Armand Assante, Josh Brolin, Russell Crowe, Ruby Dee, Chiwetel Ejiofor, Idris Elba, Cuba Gooding Jr., Carla Gugino, John Hawkes, Ted Levine, Joe Morton, Lymari Nadal, John Ortiz, RZA, Yul Vazquez, Denzel Washington","2007
(14th)"
361,sag_ensemble,Hairspray,False,https://en.wikipedia.org/wiki/Screen_Actors_Guild_Award_for_Outstanding_Performance_by_a_Cast_in_a_Motion_Picture,"Nikki Blonsky, Amanda Bynes, Paul Dooley, Zac Efron, Allison Janney, Elijah Kelley, Queen Latifah, James Marsden, Michelle Pfeiffer, Brittany Snow, Jerry Stiller, John Travolta, Christopher Walken","2007
(14th)"
362,sag_ensemble,Into the Wild,False,https://en.wikipedia.org/wiki/Screen_Actors_Guild_Award_for_Outstanding_Performance_by_a_Cast_in_a_Motion_Picture,"Brian Dierker, Marcia Gay Harden, Emile Hirsch, Hal Holbrook, William Hurt, Catherine Keener, Jena Malone, Kristen Stewart, Vince Vaughn","2007
(14th)"
363,sag_ensemble,Slumdog Millionaire,True,https://en.wikipedia.org/wiki/Screen_Actors_Guild_Award_for_Outstanding_Performance_by_a_Cast_in_a_Motion_Picture,"Rubina Ali, Tanay Hemant Chheda, Ashutosh Lobo Gajiwala, Azharuddin Mohammed Ismail, Anil Kapoor, Irrfan Khan, Ayush Mahesh Khedekar, Tanvi Ganesh Lonkar, Madhur Mittal, Dev Patel, Freida Pinto","2008
(15th)"
364,sag_ensemble,The Curious Case of Benjamin Button,False,https://en.wikipedia.org/wiki/Screen_Actors_Guild_Award_for_Outstanding_Performance_by_a_Cast_in_a_Motion_Picture,"Mahershalalhashbaz Ali, Cate Blanchett, Jason Flemyng, Jared Harris, Taraji P. Henson, Elias Koteas, Julia Ormond, Brad Pitt, Phyllis Somerville, Tilda Swinton","2008
(15th)"
365,sag_ensemble,Doubt,False,https://en.wikipedia.org/wiki/Screen_Actors_Guild_Award_for_Outstanding_Performance_by_a_Cast_in_a_Motion_Picture,"Amy Adams, Viola Davis, Philip Seymour Hoffman, Meryl Streep","2008
(15th)"
366,sag_ensemble,Frost/Nixon,False,https://en.wikipedia.org/wiki/Screen_Actors_Guild_Award_for_Outstanding_Performance_by_a_Cast_in_a_Motion_Picture,"Kevin Bacon, Rebecca Hall, Toby Jones, Frank Langella, Matthew Macfadyen, Oliver Platt, Sam Rockwell, Michael Sheen","2008
(15th)"
367,sag_ensemble,Milk,False,https://en.wikipedia.org/wiki/Screen_Actors_Guild_Award_for_Outstanding_Performance_by_a_Cast_in_a_Motion_Picture,"Josh Brolin, Joseph Cross, James Franco, Victor Garber, Emile Hirsch, Diego Luna, Denis O'Hare, Sean Penn, Alison Pill","2008
(15th)"
368,sag_ensemble,Inglourious Basterds,True,https://en.wikipedia.org/wiki/Screen_Actors_Guild_Award_for_Outstanding_Performance_by_a_Cast_in_a_Motion_Picture,"Daniel Brühl, August Diehl, Julie Dreyfus, Michael Fassbender, Sylvester Groth, Jacky Ido, Diane Kruger, Mélanie Laurent, Denis Menochet, Mike Myers, Brad Pitt, Eli Roth, Til Schweiger, Rod Taylor, Christoph Waltz, Martin Wuttke","2009
(16th)"
369,sag_ensemble,An Education,False,https://en.wikipedia.org/wiki/Screen_Actors_Guild_Award_for_Outstanding_Performance_by_a_Cast_in_a_Motion_Picture,"Dominic Cooper, Alfred Molina, Carey Mulligan, Rosamund Pike, Peter Sarsgaard, Emma Thompson, Olivia Williams","2009
(16th)"
370,sag_ensemble,The Hurt Locker,False,https://en.wikipedia.org/wiki/Screen_Actors_Guild_Award_for_Outstanding_Performance_by_a_Cast_in_a_Motion_Picture,"Christian Camargo, Brian Geraghty, Evangeline Lilly, Anthony Mackie, Jeremy Renner","2009
(16th)"
371,sag_ensemble,Nine,False,https://en.wikipedia.org/wiki/Screen_Actors_Guild_Award_for_Outstanding_Performance_by_a_Cast_in_a_Motion_Picture,"Marion Cotillard, Penélope Cruz, Daniel Day-Lewis, Judi Dench, Fergie, Kate Hudson, Nicole Kidman, Sophia Loren","2009
(16th)"
372,sag_ensemble,Precious,False,https://en.wikipedia.org/wiki/Screen_Actors_Guild_Award_for_Outstanding_Performance_by_a_Cast_in_a_Motion_Picture,"Mariah Carey, Lenny Kravitz, Mo'Nique, Paula Patton, Sherri Shepherd, Gabourey Sidibe","2009
(16th)"
373,sag_ensemble,The King's Speech,True,https://en.wikipedia.org/wiki/Screen_Actors_Guild_Award_for_Outstanding_Performance_by_a_Cast_in_a_Motion_Picture,"Anthony Andrews, Helena Bonham Carter, Jennifer Ehle, Colin Firth, Michael Gambon, Derek Jacobi, Guy Pearce, Geoffrey Rush, Timothy Spall","2010
(17th)"
374,sag_ensemble,Black Swan,False,https://en.wikipedia.org/wiki/Screen_Actors_Guild_Award_for_Outstanding_Performance_by_a_Cast_in_a_Motion_Picture,"Vincent Cassel, Barbara Hershey, Mila Kunis, Natalie Portman, Winona Ryder","2010
(17th)"
375,sag_ensemble,The Fighter,False,https://en.wikipedia.org/wiki/Screen_Actors_Guild_Award_for_Outstanding_Performance_by_a_Cast_in_a_Motion_Picture,"Amy Adams, Christian Bale, Melissa Leo, Jack McGee, Mark Wahlberg","2010
(17th)"
376,sag_ensemble,The Kids Are All Right,False,https://en.wikipedia.org/wiki/Screen_Actors_Guild_Award_for_Outstanding_Performance_by_a_Cast_in_a_Motion_Picture,"Annette Bening, Josh Hutcherson, Julianne Moore, Mark Ruffalo, Mia Wasikowska","2010
(17th)"
377,sag_ensemble,The Social Network,False,https://en.wikipedia.org/wiki/Screen_Actors_Guild_Award_for_Outstanding_Performance_by_a_Cast_in_a_Motion_Picture,"Jesse Eisenberg, Andrew Garfield, Armie Hammer, Max Minghella, Josh Pence, Justin Timberlake","2010
(17th)"
378,sag_ensemble,The Help,True,https://en.wikipedia.org/wiki/Screen_Actors_Guild_Award_for_Outstanding_Performance_by_a_Cast_in_a_Motion_Picture,"Jessica Chastain, Viola Davis, Bryce Dallas Howard, Allison Janney, Chris Lowell, Ahna O'Reilly, Sissy Spacek, Octavia Spencer, Mary Steenburgen, Emma Stone, Cicely Tyson, Mike Vogel","2011
(18th)"
379,sag_ensemble,The Artist,False,https://en.wikipedia.org/wiki/Screen_Actors_Guild_Award_for_Outstanding_Performance_by_a_Cast_in_a_Motion_Picture,"Bérénice Bejo, James Cromwell, Jean Dujardin, John Goodman, Penelope Ann Miller","2011
(18th)"
380,sag_ensemble,Bridesmaids,False,https://en.wikipedia.org/wiki/Screen_Actors_Guild_Award_for_Outstanding_Performance_by_a_Cast_in_a_Motion_Picture,"Rose Byrne, Jill Clayburgh, Ellie Kemper, Matt Lucas, Melissa McCarthy, Wendi McLendon-Covey, Chris O'Dowd, Maya Rudolph, Kristen Wiig","2011
(18th)"
381,sag_ensemble,The Descendants,False,https://en.wikipedia.org/wiki/Screen_Actors_Guild_Award_for_Outstanding_Performance_by_a_Cast_in_a_Motion_Picture,"Beau Bridges, George Clooney, Robert Forster, Judy Greer, Matthew Lillard, Shailene Woodley","2011
(18th)"
382,sag_ensemble,Midnight in Paris,False,https://en.wikipedia.org/wiki/Screen_Actors_Guild_Award_for_Outstanding_Performance_by_a_Cast_in_a_Motion_Picture,"Kathy Bates, Adrien Brody, Carla Bruni, Marion Cotillard, Rachel McAdams, Michael Sheen, Owen Wilson","2011
(18th)"
383,sag_ensemble,Argo,True,https://en.wikipedia.org/wiki/Screen_Actors_Guild_Award_for_Outstanding_Performance_by_a_Cast_in_a_Motion_Picture,"Ben Affleck, Alan Arkin, Kerry Bishé, Kyle Chandler, Rory Cochrane, Bryan Cranston, Christopher Denham, Tate Donovan, Clea DuVall, Victor Garber, John Goodman, Scoot McNairy, Chris Messina","2012
(19th)"
384,sag_ensemble,The Best Exotic Marigold Hotel,False,https://en.wikipedia.org/wiki/Screen_Actors_Guild_Award_for_Outstanding_Performance_by_a_Cast_in_a_Motion_Picture,"Judi Dench, Celia Imrie, Bill Nighy, Dev Patel, Ronald Pickup, Maggie Smith, Tom Wilkinson, Penelope Wilton","2012
(19th)"
385,sag_ensemble,Les Misérables,False,https://en.wikipedia.org/wiki/Screen_Actors_Guild_Award_for_Outstanding_Performance_by_a_Cast_in_a_Motion_Picture,"Isabelle Allen, Samantha Barks, Sacha Baron Cohen, Helena Bonham Carter, Russell Crowe, Anne Hathaway, Daniel Huttlestone, Hugh Jackman, Eddie Redmayne, Amanda Seyfried, Aaron Tveit, Colm Wilkinson","2012
(19th)"
386,sag_ensemble,Lincoln,False,https://en.wikipedia.org/wiki/Screen_Actors_Guild_Award_for_Outstanding_Performance_by_a_Cast_in_a_Motion_Picture,"Daniel Day-Lewis, Sally Field, Joseph Gordon-Levitt, Hal Holbrook, Tommy Lee Jones, James Spader, David Strathairn","2012
(19th)"
387,sag_ensemble,Silver Linings Playbook,False,https://en.wikipedia.org/wiki/Screen_Actors_Guild_Award_for_Outstanding_Performance_by_a_Cast_in_a_Motion_Picture,"Bradley Cooper, Robert De Niro, Anupam Kher, Jennifer Lawrence, Chris Tucker, Jacki Weaver","2012
(19th)"
388,sag_ensemble,American Hustle,True,https://en.wikipedia.org/wiki/Screen_Actors_Guild_Award_for_Outstanding_Performance_by_a_Cast_in_a_Motion_Picture,"Amy Adams, Christian Bale, Louis C.K., Bradley Cooper, Jack Huston, Jennifer Lawrence, Alessandro Nivola, Michael Peña, Jeremy Renner, Elisabeth Röhm, Shea Whigham","2013
(20th)"
389,sag_ensemble,12 Years a Slave,False,https://en.wikipedia.org/wiki/Screen_Actors_Guild_Award_for_Outstanding_Performance_by_a_Cast_in_a_Motion_Picture,"Benedict Cumberbatch, Paul Dano, Garret Dillahunt, Chiwetel Ejiofor, Michael Fassbender, Paul Giamatti, Scoot McNairy, Lupita Nyong'o, Adepero Oduye, Sarah Paulson, Brad Pitt, Michael Kenneth Williams, Alfre Woodard","2013
(20th)"
390,sag_ensemble,August: Osage County,False,https://en.wikipedia.org/wiki/Screen_Actors_Guild_Award_for_Outstanding_Performance_by_a_Cast_in_a_Motion_Picture,"Abigail Breslin, Chris Cooper, Benedict Cumberbatch, Juliette Lewis, Margo Martindale, Ewan McGregor, Dermot Mulroney, Julianne Nicholson, Julia Roberts, Sam Shepard, Meryl Streep, Misty Upham","2013
(20th)"
391,sag_ensemble,Dallas Buyers Club,False,https://en.wikipedia.org/wiki/Screen_Actors_Guild_Award_for_Outstanding_Performance_by_a_Cast_in_a_Motion_Picture,"Jennifer Garner, Jared Leto, Matthew McConaughey, Denis O'Hare, Dallas Roberts, Steve Zahn","2013
(20th)"
392,sag_ensemble,Lee Daniels’ The Butler,False,https://en.wikipedia.org/wiki/Screen_Actors_Guild_Award_for_Outstanding_Performance_by_a_Cast_in_a_Motion_Picture,"Mariah Carey, John Cusack, Jane Fonda, Cuba Gooding, Jr., Terrence Howard, Lenny Kravitz, James Marsden, David Oyelowo, Alex Pettyfer, Vanessa Redgrave, Alan Rickman, Liev Schreiber, Forest Whitaker, Robin Williams, Oprah Winfrey","2013
(20th)"
393,sag_ensemble,Birdman or (The Unexpected Virtue of Ignorance),True,https://en.wikipedia.org/wiki/Screen_Actors_Guild_Award_for_Outstanding_Performance_by_a_Cast_in_a_Motion_Picture,"Zach Galifianakis, Michael Keaton, Edward Norton, Andrea Riseborough, Amy Ryan, Emma Stone, Naomi Watts","2014
(21st)"
394,sag_ensemble,Boyhood,False,https://en.wikipedia.org/wiki/Screen_Actors_Guild_Award_for_Outstanding_Performance_by_a_Cast_in_a_Motion_Picture,"Patricia Arquette, Ellar Coltrane, Ethan Hawke, Lorelei Linklater","2014
(21st)"
395,sag_ensemble,The Grand Budapest Hotel,False,https://en.wikipedia.org/wiki/Screen_Actors_Guild_Award_for_Outstanding_Performance_by_a_Cast_in_a_Motion_Picture,"F. Murray Abraham, Mathieu Amalric, Adrien Brody, Willem Dafoe, Ralph Fiennes, Jeff Goldblum, Harvey Keitel, Jude Law, Bill Murray, Edward Norton, Tony Revolori, Saoirse Ronan, Jason Schwartzman, Léa Seydoux, Tilda Swinton, Tom Wilkinson, Owen Wilson","2014
(21st)"
396,sag_ensemble,The Imitation Game,False,https://en.wikipedia.org/wiki/Screen_Actors_Guild_Award_for_Outstanding_Performance_by_a_Cast_in_a_Motion_Picture,"Matthew Beard, Benedict Cumberbatch, Charles Dance, Matthew Goode, Rory Kinnear, Keira Knightley, Allen Leech, Mark Strong","2014
(21st)"
397,sag_ensemble,The Theory of Everything,False,https://en.wikipedia.org/wiki/Screen_Actors_Guild_Award_for_Outstanding_Performance_by_a_Cast_in_a_Motion_Picture,"Charlie Cox, Felicity Jones, Simon McBurney, Eddie Redmayne, David Thewlis, Emily Watson","2014
(21st)"
398,sag_ensemble,Beasts of No Nation,False,https://en.wikipedia.org/wiki/Screen_Actors_Guild_Award_for_Outstanding_Performance_by_a_Cast_in_a_Motion_Picture,"Abraham Attah, Kurt Egyiawan, Idris Elba","2015
(22nd)"
399,sag_ensemble,The Big Short,False,https://en.wikipedia.org/wiki/Screen_Actors_Guild_Award_for_Outstanding_Performance_by_a_Cast_in_a_Motion_Picture,"Christian Bale, Steve Carell, Ryan Gosling, Melissa Leo, Hamish Linklater, John Magaro, Brad Pitt, Rafe Spall, Jeremy Strong, Marisa Tomei, Finn Wittrock","2015
(22nd)"
400,sag_ensemble,Spotlight,False,https://en.wikipedia.org/wiki/Screen_Actors_Guild_Award_for_Outstanding_Performance_by_a_Cast_in_a_Motion_Picture,"Billy Crudup, Brian d'Arcy James, Michael Keaton, Rachel McAdams, Mark Ruffalo, Liev Schreiber, John Slattery, Stanley Tucci","2015
(22nd)"
401,sag_ensemble,Straight Outta Compton,False,https://en.wikipedia.org/wiki/Screen_Actors_Guild_Award_for_Outstanding_Performance_by_a_Cast_in_a_Motion_Picture,"Neil Brown, Jr., Paul Giamatti, Corey Hawkins, Aldis Hodge, O'Shea Jackson, Jr., Jason Mitchell","2015
(22nd)"
402,sag_ensemble,Trumbo,False,https://en.wikipedia.org/wiki/Screen_Actors_Guild_Award_for_Outstanding_Performance_by_a_Cast_in_a_Motion_Picture,"Adewale Akinnuoye-Agbaje, Louis C.K., Bryan Cranston, David James Elliott, Elle Fanning, John Goodman, Diane Lane, Helen Mirren, Michael Stuhlbarg, Alan Tudyk","2015
(22nd)"
